,0,1,2,3,4,5,6,7,8,9,10,11,12,13,14,15,16,17,18,19,20,21,22,23,24,25,26,27,28,29,30,31,32,33,34,35,36,37,38,39,40,41,42,43,44,45,46,47,48,49,50,51,52,53,54,55,56,57,58,59,60,61,62,63,64,65,66,67,68,69,70,71,72,73,74,75,76,77,78,79,80,81,82,83,84,85,86,87,88,89,90,91,92,93,94,95,96,97,98,99,100
0,0.0,4.3401732,6.32873,9.569325,12.2804365,14.027673,17.642448,21.16588,24.398315,27.288645,30.667114,33.4143,36.722977,38.409145,33.23737,30.195662,27.932991,24.866459,22.674337,20.766844,17.744625,19.098938,20.486212,24.324245,26.429182,27.384531,29.04936,31.858006,31.922674,36.36719,33.60897,40.306244,39.02261,41.599163,37.20951,33.58513,34.43274,36.332077,31.809237,29.307365,31.844408,30.856043,26.961817,25.969532,29.397825,26.251812,21.868015,23.746717,25.622255,28.856894,30.506168,24.346659,30.260458,33.050117,31.28051,31.296034,29.92045,32.650085,35.633995,35.117542,34.42481,38.65933,42.724136,43.609413,40.44862,39.578747,44.20328,44.18585,38.950825,40.769512,43.636723,41.65426,37.426968,40.220818,37.095116,40.429264,37.646408,33.947464,35.30971,31.289839,29.460297,28.415401,24.941833,26.078907,25.01648,20.301384,25.02074,23.573982,27.75009,29.006914,30.048084,29.782288,29.134632,30.500187,29.402384,28.628948,27.544706,22.501322,23.14155,18.55754,19.307192
1,4.3401732,0.0,5.305,6.4271727,8.9899025,12.083221,14.465842,18.86161,21.744738,24.964535,28.327082,31.111982,34.2532,35.728138,30.442574,27.175808,24.96094,21.478287,19.866648,17.156012,14.364814,15.900387,16.969204,20.549723,22.803532,24.025827,25.333063,28.385899,28.387005,32.932137,30.262304,37.010284,36.290134,38.606274,33.98324,30.610924,31.683428,33.17593,28.502022,26.308647,28.957952,27.333052,23.51143,23.043371,26.289986,22.519161,18.328041,20.918852,22.45736,25.913017,27.008673,20.667385,26.717188,29.449812,27.338861,27.12754,25.894442,28.477365,31.473698,31.272652,30.53136,34.570587,38.68952,39.717625,36.726196,35.803368,40.284283,40.353302,35.066525,36.644875,39.599518,37.777294,33.39734,36.045483,32.880436,36.138603,33.36838,29.640812,31.0009,26.95511,25.17407,24.256104,20.698555,21.744852,20.71128,16.027206,20.934769,19.726494,24.018238,25.524757,26.939365,27.082283,26.863493,28.517565,27.618298,26.909225,25.832495,20.739498,21.218054,16.94892,16.945469
2,6.32873,5.305,0.0,5.3548417,6.910878,8.005982,11.963069,14.9353895,18.444374,21.062382,24.58479,27.186033,30.587032,32.21181,27.010412,24.18866,21.801182,19.102423,16.568733,15.367691,12.649738,14.638749,17.341488,19.89106,21.467028,21.883091,23.638569,26.096243,26.23741,30.52265,27.958717,34.513577,33.104,35.995068,31.719154,27.917572,29.057388,31.306824,26.692884,24.019932,27.155935,26.482794,22.212736,21.569025,25.566496,22.676435,17.869886,20.55501,23.119024,26.002525,27.23574,21.979034,28.11613,30.261889,28.439722,28.059456,25.96877,28.63682,32.242573,31.449991,29.909283,34.5135,38.40438,39.391342,35.83595,34.60598,39.273384,38.936104,33.793865,36.191185,38.674206,36.351696,32.478745,35.73363,32.767887,36.489693,33.8261,30.232496,32.42148,28.50164,27.21739,27.043032,23.024239,23.17979,21.599615,16.798876,20.438152,18.666504,22.565495,23.773355,24.447815,23.967537,23.136969,24.315344,23.138277,22.358477,21.362152,16.314415,17.348738,12.926422,14.207272
3,9.569325,6.4271727,5.3548417,0.0,3.81519,6.6201987,8.462803,13.106499,15.502497,19.060331,22.165487,25.15385,28.10306,29.711641,24.751028,21.127632,19.349022,15.797677,15.061737,12.494399,11.165019,13.989187,16.273357,17.700434,19.33356,19.962465,20.522928,23.261753,22.756428,27.359467,24.159252,30.929125,29.964983,32.245163,27.7175,24.257666,25.265827,26.920374,22.289015,19.934479,22.7342,21.521563,17.466908,16.936602,20.592974,17.39579,12.694524,15.622682,17.907091,20.935583,21.949678,16.65523,22.797707,24.913696,23.141851,22.984436,20.92159,23.830933,27.171564,26.226263,25.07158,29.61895,33.546097,34.388397,31.01052,30.072897,34.807896,34.804653,29.642622,31.7487,34.638462,32.69409,28.561937,31.87944,28.482428,32.31081,29.934834,26.078594,28.507193,24.146624,23.253803,23.11345,19.35446,19.123072,17.068102,13.054243,16.235075,15.77856,19.838469,21.801367,23.036108,23.165895,22.842558,24.050499,22.782967,21.69437,20.238588,15.195372,15.121199,11.161351,10.621306
4,12.2804365,8.9899025,6.910878,3.81519,0.0,5.385447,5.605747,10.400203,13.096091,16.329412,19.74714,22.42475,25.49323,26.803783,21.50675,18.221598,16.00991,12.599038,11.386067,8.905283,7.5733657,10.716931,13.688461,14.370603,15.739415,16.19853,17.087254,19.762869,19.642883,24.113451,21.555264,28.19981,27.575922,30.11668,25.525269,22.050936,23.619366,25.35532,20.491436,18.235285,21.770218,20.312983,15.974993,16.361202,20.28709,16.753845,12.066634,16.242712,18.616148,21.465786,21.6931,16.991604,23.159521,24.799618,22.607737,21.782719,19.415771,21.918505,25.8265,25.199087,23.197409,27.769394,31.630768,32.795017,29.27875,27.865042,32.41895,32.112026,26.927435,29.2929,31.798008,29.58648,25.631128,29.02222,25.960278,29.857845,27.383509,23.754068,26.508522,22.544916,21.823753,22.340584,18.15876,17.382889,15.32663,10.933923,13.603219,12.372177,16.297922,18.097197,19.226578,19.380762,19.20734,20.65048,19.685658,18.900522,17.834522,12.9059105,13.534815,10.218842,9.985888
5,14.027673,12.083221,8.005982,6.6201987,5.385447,0.0,5.940967,7.346368,10.642531,13.357279,16.648788,19.451542,22.721281,24.565022,19.834183,16.777086,14.930076,12.735235,11.022632,11.138658,10.788353,14.093004,18.127707,17.793438,18.269129,17.605331,18.498346,20.18746,19.746119,23.884077,20.773058,27.167002,25.216146,28.291668,24.311527,20.255032,21.391325,24.150053,19.713951,16.674974,20.248976,20.51798,15.970411,15.300067,19.946869,18.274027,13.169047,16.07722,19.633936,21.605442,22.628723,19.339975,25.119806,26.270056,24.956358,24.545527,21.358286,24.23066,28.282845,26.543262,24.229393,29.446957,32.928986,33.69347,29.579031,28.21128,33.128452,32.56052,27.723083,30.968382,33.14821,30.560005,27.259539,31.389736,28.330242,32.709766,30.599667,27.056751,30.532827,26.511389,26.331333,27.113825,23.03769,21.695742,19.056429,15.462148,16.268244,15.263086,18.374897,19.966309,20.123587,19.437292,18.284687,18.626623,16.809746,15.420371,13.872078,8.781547,9.411345,5.3577137,7.2521844
6,17.642448,14.465842,11.963069,8.462803,5.605747,5.940967,0.0,6.2751894,7.766142,11.443803,14.5519495,17.350714,20.143818,21.450436,16.445345,12.727656,11.032492,7.487497,8.088562,6.16876,8.061095,11.804378,15.356286,13.403873,13.727136,13.323424,13.094243,15.242956,14.535644,19.025623,16.044188,22.68027,22.01834,24.550274,20.006105,16.478998,18.277582,20.138882,15.2538,12.940258,17.01423,15.885237,11.284777,12.273887,16.536135,13.732693,9.101941,13.896695,16.75172,18.837208,18.539692,15.663686,21.313902,22.052849,20.15294,19.16915,15.881837,18.44537,22.765673,21.507668,18.735903,23.761063,27.31397,28.385416,24.473944,22.872513,27.587408,27.117691,22.107513,25.103773,27.39104,25.012955,21.447958,25.528894,22.389765,26.80258,24.809671,21.270605,25.073902,21.142649,21.399338,22.727533,18.702024,16.635744,13.719556,10.907186,10.404805,10.18912,13.2415905,15.515899,16.384987,16.624825,16.492575,17.43578,16.21307,15.103498,13.7449875,9.388058,9.408912,7.896611,6.7467594
7,21.16588,18.86161,14.9353895,13.106499,10.400203,7.346368,6.2751894,0.0,4.7581344,6.1441054,9.89695,12.29327,15.711599,17.336285,12.595268,10.092373,8.194371,7.877016,6.4305086,9.370552,11.274021,14.5050125,19.180943,16.348083,15.431794,13.450725,13.954196,14.379966,13.96404,17.460371,14.901283,20.700272,18.630962,22.31176,18.676697,14.418368,16.378872,19.681944,15.411964,12.362505,17.098711,17.92393,13.363998,13.909202,18.738068,17.847599,13.528324,17.176672,20.903467,21.95202,21.935244,20.787712,25.836899,25.835453,24.539421,23.49085,19.490013,21.795614,26.484451,24.508995,20.765757,26.19747,29.119762,30.056768,25.482212,23.447037,28.179096,27.02213,22.604313,26.795538,28.144617,25.039274,22.662058,27.408926,24.857662,29.578299,27.87212,24.865028,29.310364,25.910408,26.575832,28.401335,24.28983,21.769297,18.80526,16.364468,14.310745,13.234807,14.695169,16.089437,15.391677,14.399091,13.030127,12.634185,10.576679,8.997317,7.584379,3.3690555,5.474072,6.0555835,7.8954086
8,24.398315,21.744738,18.444374,15.502497,13.096091,10.642531,7.766142,4.7581344,0.0,4.8659954,6.882283,10.121702,12.634967,14.469045,10.709864,6.6720343,6.9693646,6.432572,8.865042,10.526355,13.956704,17.306051,21.379156,17.460346,16.256525,14.223146,12.854601,12.861779,11.092272,14.704234,10.750496,16.759684,14.669215,17.846176,14.104059,9.836852,11.734995,14.9342785,10.8178,7.6924663,12.639721,13.860931,9.607694,10.400861,15.003382,15.054648,11.524858,14.789763,18.462177,18.841091,18.509933,18.85433,23.122852,22.505144,21.684874,20.88391,16.460653,18.93772,23.413832,20.758606,16.92604,22.592228,25.21518,25.838526,21.080591,19.262661,24.238142,23.27791,19.102552,23.512707,25.047523,22.212137,20.02212,25.179436,22.278708,27.269642,26.147627,23.1079,28.064743,24.49418,25.842577,27.875952,24.25307,21.167725,17.71561,16.83082,13.0424385,13.763594,14.571114,16.662355,16.31406,15.939718,15.125523,14.391494,12.246975,10.201079,7.9930634,6.237199,4.8178415,7.933491,7.382188
9,27.288645,24.964535,21.062382,19.060331,16.329412,13.357279,11.443803,6.1441054,4.8659954,0.0,4.318669,6.153357,9.675215,11.398847,7.5931964,6.1986885,5.8483152,8.669821,8.898917,12.866737,15.843863,18.646826,23.228523,18.950329,17.033033,14.105907,13.723272,12.378834,11.555827,13.746174,11.4663315,15.983633,13.125792,17.516058,14.759371,10.410609,12.851416,16.819695,13.476682,10.678088,15.671026,17.543438,13.744006,14.751921,19.141344,19.551342,16.32457,19.484259,23.21123,23.294926,22.787766,23.593128,27.678558,26.734835,25.862364,24.657219,20.178066,22.02567,26.799845,24.320772,19.722315,25.164982,27.313128,28.13004,23.178555,20.77769,25.286526,23.623575,20.022324,25.103905,25.65363,22.193207,21.039543,26.316427,24.205868,29.119892,28.021914,25.557264,30.682352,27.75974,29.143826,31.550018,27.71328,24.495495,21.361492,20.17776,16.193378,15.709112,15.467981,16.614918,15.106791,13.861117,12.290123,10.499007,7.967274,5.7847443,4.252504,5.710857,6.7400246,10.454097,11.6372385
10,30.667114,28.327082,24.58479,22.165487,19.74714,16.648788,14.5519495,9.89695,6.882283,4.318669,0.0,3.9702337,6.181989,8.823086,7.6954694,6.1036687,8.316926,11.076394,12.920746,16.194965,19.689291,22.576603,26.886604,22.149263,20.086775,17.153854,15.669145,13.731651,11.869836,13.309909,9.938171,13.464392,9.263723,13.803279,11.899471,7.524192,9.480912,14.019389,11.817335,9.188613,13.525148,16.56233,13.614181,14.2523365,18.11041,19.866179,17.372385,19.578165,23.31589,22.61764,22.172178,24.358309,27.622221,26.120663,25.921295,25.07938,20.37705,22.29373,26.678476,23.436,18.91143,24.391626,25.977886,26.332699,21.15789,19.039686,23.62304,21.997992,19.110903,24.517336,24.97236,21.707502,21.174242,26.747118,24.513437,29.55578,29.039036,26.679241,32.13738,29.152914,31.025227,33.51209,30.065947,26.553017,23.148533,22.939014,18.091307,18.690784,18.012564,19.436672,18.014484,17.020826,15.641851,13.357677,10.745964,8.301608,6.2285175,9.141993,8.271799,12.854624,13.258162
11,33.4143,31.111982,27.186033,25.15385,22.42475,19.451542,17.350714,12.29327,10.121702,6.153357,3.9702337,0.0,4.1513944,6.068062,5.8186326,7.360859,8.893774,12.968751,13.904648,17.968807,21.282572,23.722054,28.132032,23.06727,20.555687,17.202856,16.238941,13.42971,12.412544,12.440175,11.104864,12.859501,8.779108,14.096664,13.054185,9.485241,11.97727,16.22588,14.476015,12.52424,16.804554,19.509638,16.821688,18.01485,21.621397,23.080215,20.821726,23.415653,26.974272,26.27976,25.420883,27.72928,30.916452,29.214891,28.753658,27.473185,22.85995,24.176325,28.76766,25.948315,20.856718,25.920975,27.144121,27.792376,22.694458,20.047787,23.981586,21.77929,19.442734,25.160858,24.771008,21.087845,21.42258,26.89685,25.370981,30.218845,29.734964,27.889893,33.399162,30.994942,32.90387,35.70934,32.15549,28.52516,25.409676,25.099602,20.091702,19.990582,18.545279,19.31593,17.237772,15.881956,14.337115,11.523841,9.314952,7.6218433,7.189949,11.302686,11.687993,16.033588,16.934166
12,36.722977,34.2532,30.587032,28.10306,25.49323,22.721281,20.143818,15.711599,12.634967,9.675215,6.181989,4.1513944,0.0,3.6546633,7.5160675,8.644474,11.505858,15.125953,17.291313,20.643257,24.415785,26.893507,30.95754,25.45432,22.864136,19.658646,17.724949,14.61442,12.829237,11.9658375,10.217937,10.099427,4.9569044,10.4923315,10.6607,8.142748,10.282294,14.199924,13.6981,12.530205,15.937818,18.993813,17.24853,18.510239,21.342344,23.525953,22.073076,24.17094,27.439747,26.20618,25.094082,28.49437,30.898718,28.688608,28.636354,27.51739,22.898422,24.032623,28.218578,25.015938,19.963448,24.72802,25.333225,25.673645,20.575693,18.090761,21.769188,19.556713,18.096506,23.944117,23.349987,19.94987,20.950981,26.502567,24.998005,29.806318,29.87729,28.244108,33.9588,31.6529,33.987602,36.913284,33.74571,29.864136,26.641739,27.196466,21.51258,22.259247,20.445068,21.483295,19.697378,18.818058,17.76047,15.1313715,13.294596,11.743073,11.021755,14.961872,14.415575,19.031786,19.188015
13,38.409145,35.728138,32.21181,29.711641,26.803783,24.565022,21.450436,17.336285,14.469045,11.398847,8.823086,6.068062,3.6546633,0.0,6.411235,9.109403,11.520257,15.488889,17.599068,20.890966,24.711535,26.810108,30.626144,24.73844,21.86975,18.601503,16.661137,13.027638,11.826404,9.674324,10.09984,8.430042,6.005129,10.894859,11.011263,9.589756,12.535873,15.426455,14.823075,14.399408,18.029665,20.045902,18.515247,20.607914,23.147213,24.590511,23.515244,26.266352,29.135942,28.106562,26.321579,29.679884,31.99918,29.653616,29.141418,27.509094,23.111368,23.574623,27.906395,25.379902,19.812346,24.00595,24.374517,25.175251,20.362123,17.284832,20.21185,17.514057,16.438469,22.36027,21.063005,17.39343,19.079983,24.414265,23.536863,28.076454,28.212358,27.070696,32.761555,31.032001,33.440063,36.664368,33.530952,29.527092,26.619844,27.333735,21.425552,21.86503,19.388153,20.087652,18.188128,17.552273,16.986546,14.738946,13.795601,13.080922,13.219039,16.987219,17.010206,21.436022,21.47906
14,33.23737,30.442574,27.010412,24.751028,21.50675,19.834183,16.445345,12.595268,10.709864,7.5931964,7.6954694,5.8186326,7.5160675,6.411235,0.0,5.460495,5.6370635,10.281197,11.459906,15.058722,18.588995,20.490486,24.420118,18.72814,15.8530855,12.431032,11.399891,8.002919,8.156692,7.612141,9.16634,11.072847,10.678557,15.061852,12.777681,10.20116,14.082469,16.793926,14.154782,13.253875,18.166706,18.80581,16.130259,18.858198,22.10515,21.907116,20.131248,24.077152,26.896084,26.8029,24.842907,26.609835,29.928867,28.262798,26.846209,24.7058,20.465866,20.882671,25.879166,24.304804,18.500233,22.941565,24.351927,25.822042,21.169086,17.711195,20.985731,18.44594,15.653334,21.214546,20.375397,16.348186,16.67928,21.866285,20.95147,25.518127,24.80181,23.400715,28.80088,27.079481,28.947847,32.135334,28.547504,24.78923,22.166342,21.96152,16.706707,16.038605,13.701372,14.181223,12.190494,11.547527,11.23752,9.900555,9.587433,9.572543,10.423064,12.951951,14.095119,17.778015,18.087492
15,30.195662,27.175808,24.18866,21.127632,18.221598,16.777086,12.727656,10.092373,6.6720343,6.1986885,6.1036687,7.360859,8.644474,9.109403,5.460495,0.0,4.4016,6.619872,10.463684,12.369567,16.605013,19.219662,22.835686,17.334951,15.1391,12.51675,9.892687,8.109337,5.8193207,8.274303,5.551174,10.656695,10.2278,13.503767,9.788472,6.440779,10.31966,12.715847,9.199915,8.066539,13.242956,13.621537,10.706201,13.488586,16.729158,16.628107,14.907999,18.695856,21.455374,21.36679,19.532675,21.383759,24.655062,23.09742,21.934563,20.281261,15.782828,16.97677,21.770346,19.61879,14.312244,19.446869,21.360584,22.446384,17.63753,14.810282,19.134396,17.50452,13.839632,19.042528,19.578962,16.333406,15.253115,20.748579,18.606972,23.587732,22.967995,20.75849,26.263474,23.658592,25.66725,28.508495,25.163593,21.377645,18.217506,18.574049,12.959514,13.859575,12.598781,14.460005,13.833243,14.000691,14.031591,13.326565,12.2109785,11.088922,10.270113,11.247948,10.869083,14.545945,13.682554
16,27.932991,24.96094,21.801182,19.349022,16.00991,14.930076,11.032492,8.194371,6.9693646,5.8483152,8.316926,8.893774,11.505858,11.520257,5.6370635,4.4016,0.0,5.0314693,6.454129,9.531075,13.195472,15.475823,19.465595,14.201299,11.853989,8.851668,8.062964,6.70804,6.9266744,9.520151,9.346958,14.122177,14.128289,17.764656,14.041798,10.81675,14.519117,16.892128,12.842617,11.444914,16.839762,16.476547,12.867462,15.769785,19.471493,18.101343,15.654215,20.319824,23.068611,23.704437,21.886148,22.295494,26.378086,25.378708,23.505613,21.363203,17.257711,18.147463,23.354458,22.158031,16.83249,21.63648,23.984194,25.574701,21.100975,17.98982,21.883173,20.04709,15.952232,20.726835,21.024776,17.43445,15.9711,20.954884,19.298203,23.976898,22.646719,20.534027,25.62138,23.337309,24.753733,27.619703,23.764002,20.291346,17.614803,16.705593,12.12916,11.124277,9.932636,11.141659,10.100325,9.965268,10.028152,10.105423,9.675023,9.438015,9.685918,9.781179,11.120336,13.827494,13.844821
17,24.866459,21.478287,19.102423,15.797677,12.599038,12.735235,7.487497,7.877016,6.432572,8.669821,11.076394,12.968751,15.125953,15.488889,10.281197,6.619872,5.0314693,0.0,6.5172806,5.887093,10.446973,13.276584,16.59118,11.638974,10.297192,8.799367,6.6896434,8.018968,7.147973,11.569149,9.721461,15.945683,16.679361,19.177423,14.505456,11.598394,14.7930565,16.159967,11.272221,10.110928,15.208132,13.440433,9.424448,12.80649,16.321404,13.715981,11.169434,16.559732,18.832924,20.058874,18.073734,17.548296,21.986109,21.443615,19.210087,17.15538,13.245735,14.610606,19.723757,18.816696,14.197463,19.090631,22.129414,23.70195,19.601545,17.026096,21.29015,20.260096,15.397199,19.167133,20.640997,17.837557,14.912198,19.579634,17.014565,21.735477,20.183018,17.339682,22.195913,19.219574,20.49596,23.052656,19.270481,15.881723,12.919477,12.159859,7.594404,7.840622,8.285242,10.896011,11.61059,12.54151,13.3051195,14.292028,13.798151,13.207557,12.585275,10.7284355,10.989516,12.597861,11.248891
18,22.674337,19.866648,16.568733,15.061737,11.386067,11.022632,8.088562,6.4305086,8.865042,8.898917,12.920746,13.904648,17.291313,17.599068,11.459906,10.463684,6.454129,6.5172806,0.0,6.0307293,7.662259,9.887929,14.66527,11.07627,9.640372,7.410995,9.759061,10.554697,12.019698,15.145162,15.160442,20.468702,20.31921,23.96329,19.943708,16.473228,19.619371,22.00868,17.359081,15.452958,20.68938,19.757002,15.431883,17.784796,21.97406,19.326881,15.780461,20.986942,23.739557,25.335169,24.01815,22.299839,27.463657,27.439041,24.995266,22.786718,19.331724,20.437313,25.657894,25.214832,20.638924,25.253456,28.285688,30.089119,25.977724,23.1213,26.994843,25.437069,20.800793,24.646154,25.373997,21.975471,19.563848,23.655865,22.005638,26.2281,24.007326,21.590012,25.719011,23.324036,23.691425,26.06933,21.612242,19.040644,16.960825,13.912774,12.129256,8.748605,9.539323,10.064724,9.305739,8.695978,8.468289,10.091418,10.130475,10.542592,11.2281065,8.780079,11.683235,12.11387,13.1339245
19,20.766844,17.156012,15.367691,12.494399,8.905283,11.138658,6.16876,9.370552,10.526355,12.866737,16.194965,17.968807,20.643257,20.890966,15.058722,12.369567,9.531075,5.887093,6.0307293,0.0,4.8278565,7.751079,10.98069,7.432811,7.5893655,7.8335814,8.304517,11.282418,11.963841,16.168953,15.380834,21.478125,22.533495,25.006744,20.181107,17.409742,20.326204,21.421038,16.32851,15.155158,19.79154,17.132175,13.028878,15.998984,19.45978,15.174359,12.04666,18.098099,19.861006,22.167778,20.336363,17.473352,22.845045,23.294329,20.218447,17.853333,15.097582,16.222658,21.177893,21.522322,17.731071,21.881954,25.485325,27.42382,23.96247,21.528004,25.375565,24.554276,19.360313,21.98149,23.718369,21.16818,17.466187,20.925972,18.583908,22.565952,20.094713,17.0822,20.751482,17.853611,17.968737,20.118633,15.698427,13.240234,11.22711,7.926296,7.146664,4.2046804,7.4703465,9.661142,11.306817,12.516003,13.675654,15.911296,16.045189,16.067375,15.92742,12.638669,13.8761015,13.467655,12.570416
20,17.744625,14.364814,12.649738,11.165019,7.5733657,10.788353,8.061095,11.274021,13.956704,15.843863,19.689291,21.282572,24.415785,24.711535,18.588995,16.605013,13.195472,10.446973,7.662259,4.8278565,0.0,3.7453227,7.979609,7.5886602,8.840123,9.740547,12.22354,15.109656,16.51522,20.373453,20.093132,26.048607,26.802528,29.617476,24.907112,21.903301,24.684511,26.080378,20.98376,19.495491,24.031702,21.547468,17.352337,19.687483,23.33555,18.790823,15.223822,20.965343,22.72617,25.479406,24.110409,20.068611,25.892992,26.924135,23.658869,21.34984,19.192314,20.247288,24.963587,25.73203,22.336966,26.212572,29.956696,32.000668,28.703651,26.295687,29.978178,29.093801,23.90307,26.212412,27.828722,25.223484,21.51712,24.33803,22.37899,25.833267,22.87409,20.035519,22.717312,20.123173,19.288523,20.917742,16.140558,14.865567,13.8255,8.713903,11.109171,6.780173,10.369392,11.266295,12.644819,13.339507,14.210646,16.9394,17.365118,17.786491,18.043537,14.169005,16.256723,14.640607,14.7411175
21,19.098938,15.900387,14.638749,13.989187,10.716931,14.093004,11.804378,14.5050125,17.306051,18.646826,22.576603,23.722054,26.893507,26.810108,20.490486,19.219662,15.475823,13.276584,9.887929,7.751079,3.7453227,0.0,5.373875,6.674537,8.341534,9.911606,13.457603,16.344511,18.50354,21.895994,22.640177,28.175436,29.423206,32.309464,27.623947,24.844059,27.897104,29.143322,24.06269,22.828955,27.461725,24.625807,20.626583,23.27633,26.740593,21.791193,18.605585,24.491587,25.9365,28.843382,27.149899,22.864616,28.600935,29.695599,26.02273,23.286806,21.604193,22.05318,26.772726,28.272093,24.710957,28.056286,31.780699,34.174965,31.150455,28.476728,31.673536,30.623037,25.506811,27.48355,28.740904,26.095232,22.489151,24.627571,23.309164,26.203648,22.884645,20.53754,22.560461,20.76578,19.460083,21.181395,16.310965,15.52215,15.425651,10.075903,13.208287,7.9135795,10.879655,10.760377,12.256662,13.134176,14.471118,17.842691,18.950447,19.932245,20.726162,17.177526,19.707613,18.126566,18.475084
22,20.486212,16.969204,17.341488,16.273357,13.688461,18.127707,15.356286,19.180943,21.379156,23.228523,26.886604,28.132032,30.95754,30.626144,24.420118,22.835686,19.465595,16.59118,14.66527,10.98069,7.979609,5.373875,0.0,6.719443,9.7689,12.776817,15.407337,18.922367,20.9927,24.402592,25.353607,30.809237,32.96821,35.237656,30.263544,28.064564,31.115396,31.550627,26.469938,25.830101,30.047548,26.16002,22.719439,25.731455,28.469501,22.543716,20.208042,26.22986,26.718931,30.054075,27.85865,22.83733,28.302666,29.736834,25.464571,22.419895,21.84844,21.728361,25.896093,28.501295,25.52449,27.926334,31.835775,34.507824,32.21794,29.706505,32.38827,31.70719,26.546545,27.38076,28.958008,26.95088,22.834639,23.80888,22.647905,24.647797,20.9685,18.800789,19.484425,18.230572,16.108421,17.54164,12.81208,13.088075,14.359094,9.133052,13.946617,9.465274,12.46546,12.588267,15.211748,16.98516,19.034773,22.688519,24.029097,25.024055,25.69422,22.09837,24.102491,22.41563,21.961586
23,24.324245,20.549723,19.89106,17.700434,14.370603,17.793438,13.403873,16.348083,17.460346,18.950329,22.149263,23.06727,25.45432,24.73844,18.72814,17.334951,14.201299,11.638974,11.07627,7.432811,7.5886602,6.674537,6.719443,0.0,3.4283621,6.9779067,8.87497,12.4316225,14.690535,17.831776,19.41125,24.41106,27.162828,29.280067,24.404482,22.604992,26.051676,26.264286,21.358519,21.18521,25.674093,21.709217,18.511612,22.348677,24.934944,19.41391,17.672762,24.073666,24.721615,27.4147,24.523752,21.160671,26.069023,26.593506,22.404875,18.863382,17.578302,16.938786,21.771835,24.187008,20.216652,22.687138,26.285898,29.121353,26.624367,23.68674,26.177435,25.211851,20.15005,21.48322,22.641983,20.35173,16.48061,18.064283,17.07808,19.67427,16.318926,14.331772,16.669586,15.60355,14.918157,17.68201,13.140985,11.19384,11.549345,8.158916,9.2772045,4.0067058,5.815975,6.5256214,9.926098,12.5616665,15.284555,18.827032,20.316364,21.32475,22.07092,19.382751,21.143864,20.768198,19.900707
24,26.429182,22.803532,21.467028,19.33356,15.739415,18.269129,13.727136,15.431794,16.256525,17.033033,20.086775,20.555687,22.864136,21.86975,15.8530855,15.1391,11.853989,10.297192,9.640372,7.5893655,8.840123,8.341534,9.7689,3.4283621,0.0,3.7995057,6.525021,9.476123,12.376073,14.989404,17.390285,21.889032,24.725725,27.096516,22.480812,20.7212,24.458447,24.89837,20.178377,20.049124,24.834692,21.297794,18.115953,22.160946,24.893936,20.018316,18.330536,24.666582,25.668324,27.918257,24.910738,22.532532,27.175331,27.204775,23.27903,19.649311,17.783499,16.947786,22.130676,24.178234,19.489368,22.14281,25.388798,28.281616,25.492851,22.174812,24.537876,23.145527,18.298794,20.32276,20.840769,18.04488,14.801555,16.923243,16.38737,19.312092,16.27541,14.730338,17.883968,17.135668,17.118387,20.263317,15.9505205,13.3683,13.156067,10.689761,9.642515,4.380466,3.307702,3.1688366,6.6893907,9.655083,12.696906,16.214231,17.95934,19.183176,20.231169,18.239075,20.221983,20.53184,19.932148
25,27.384531,24.025827,21.883091,19.962465,16.19853,17.605331,13.323424,13.450725,14.223146,14.105907,17.153854,17.202856,19.658646,18.601503,12.431032,12.51675,8.851668,8.799367,7.410995,7.8335814,9.740547,9.911606,12.776817,6.9779067,3.7995057,0.0,5.644809,7.0574846,10.521016,12.6597805,15.475802,19.638998,21.944202,24.850737,20.611517,18.540752,22.443863,23.486391,18.963285,18.528845,23.643267,21.00187,17.622993,21.488623,24.606586,20.684128,18.674717,24.718124,26.317701,28.1078,25.360325,23.819363,28.384903,28.047174,24.62797,21.252855,18.63544,18.092728,23.50381,24.727953,19.507803,22.729042,25.617844,28.309952,24.995731,21.44805,24.022419,22.195194,17.624228,20.685867,20.672249,17.261059,14.883663,17.924753,17.50197,20.93901,18.386974,16.975353,20.830744,19.911646,20.35856,23.549274,19.290203,16.384855,15.443119,13.273512,10.8991165,6.2985125,3.906277,2.6903734,3.7217803,6.3674607,9.330727,12.620478,14.453867,15.836939,17.18412,15.872192,18.190805,19.10016,19.015795
26,29.04936,25.333063,23.638569,20.522928,17.087254,18.498346,13.094243,13.954196,12.854601,13.723272,15.669145,16.238941,17.724949,16.661137,11.399891,9.892687,8.062964,6.6896434,9.759061,8.304517,12.22354,13.457603,15.407337,8.87497,6.525021,5.644809,0.0,4.1961036,5.9621196,9.106624,11.05982,15.547323,18.81509,20.722273,16.08076,14.796895,18.687853,18.77507,14.376942,14.825399,19.510601,16.159264,13.49853,18.029627,20.371483,16.539383,15.629472,21.539692,22.666277,24.090553,20.742298,20.30348,24.089981,23.246223,19.961985,16.552883,13.6715,12.906207,18.369389,19.40628,13.958527,17.175323,20.03912,22.66753,19.438353,15.953015,18.700687,17.258995,12.34008,15.426752,16.029861,13.05202,9.984834,13.915949,12.607552,16.735935,14.868605,13.054667,17.915033,16.501091,17.941307,21.376953,17.783535,14.019791,12.326265,12.401658,7.3716335,6.4051723,3.2739568,6.184495,8.230359,10.926511,13.469741,15.661886,16.670137,17.196169,17.644453,16.623272,17.51673,19.136116,17.769272
27,31.858006,28.385899,26.096243,23.261753,19.762869,20.18746,15.242956,14.379966,12.861779,12.378834,13.731651,13.42971,14.61442,13.027638,8.002919,8.109337,6.70804,8.018968,10.554697,11.282418,15.109656,16.344511,18.922367,12.4316225,9.476123,7.0574846,4.1961036,0.0,4.441537,5.637585,9.499849,12.686371,15.947576,18.355396,14.390749,13.194002,17.420074,18.003769,14.264502,14.681811,19.531118,17.249071,14.83038,19.125845,21.592329,18.978285,18.07225,23.432894,25.009115,25.829088,22.620407,23.286016,26.681723,25.33035,22.602276,19.416113,16.079075,15.290742,20.638344,20.985624,14.962405,18.310617,20.423285,22.918865,19.277552,15.367141,17.885717,15.711652,11.560367,15.864343,15.360611,11.562692,10.2799635,14.841234,14.239569,18.435337,17.168707,16.006285,21.146458,20.091335,21.851017,25.397095,21.941565,18.089565,16.223005,16.472067,11.109477,10.22134,6.696496,7.8010497,7.894455,9.883007,12.101966,13.573637,14.687373,15.368584,16.172264,16.394043,17.46848,19.931128,19.061224
28,31.922674,28.387005,26.23741,22.756428,19.642883,19.746119,14.535644,13.96404,11.092272,11.555827,11.869836,12.412544,12.829237,11.826404,8.156692,5.8193207,6.9266744,7.147973,12.019698,11.963841,16.51522,18.50354,20.9927,14.690535,12.376073,10.521016,5.9621196,4.441537,0.0,4.899387,5.3103933,9.827966,13.098115,14.769031,10.294889,9.386357,13.489104,13.61628,9.935714,10.84335,15.353545,13.147337,11.196519,15.570486,17.626389,15.782271,15.408013,20.182642,21.721252,22.076056,18.850254,20.554237,23.399897,21.680252,19.541208,16.901346,13.006486,12.815692,17.912315,17.252771,11.19683,15.287133,17.340393,19.31971,15.275705,11.660743,15.125716,13.471432,9.051536,13.884766,14.318269,11.1698675,9.507614,14.938489,13.100008,17.939312,17.372694,15.5941515,21.21172,19.320162,21.626028,24.950542,21.935709,17.825409,15.190563,16.567911,10.170342,11.602399,9.216443,11.528123,12.090719,13.745062,15.30313,15.96508,16.097786,15.87033,15.706938,15.971553,15.821259,18.732153,17.05711
29,36.36719,32.932137,30.52265,27.359467,24.113451,23.884077,19.025623,17.460371,14.704234,13.746174,13.309909,12.440175,11.9658375,9.674324,7.612141,8.274303,9.520151,11.569149,15.145162,16.168953,20.373453,21.895994,24.402592,17.831776,14.989404,12.6597805,9.106624,5.637585,4.899387,0.0,7.143644,7.4546523,12.065881,13.850983,10.755837,10.921938,15.114156,15.259764,12.96385,14.181404,18.28255,16.74862,15.521281,19.646101,21.401976,20.218603,20.1829,24.594042,26.131819,26.076286,22.688137,25.136238,27.446697,25.28146,23.326002,20.520409,16.919552,15.9745,20.714396,20.215706,13.891271,16.960472,17.950796,20.11692,16.259258,12.067844,14.175276,11.425092,8.627311,14.11671,12.776339,8.77658,9.702794,14.896094,14.446784,18.737604,18.66642,17.96151,23.531933,22.575941,25.070477,28.704897,25.861612,21.696615,19.478073,20.959791,14.688927,15.402917,12.022924,13.189675,12.865563,14.283403,15.893565,16.158886,16.765068,16.977085,17.420834,18.887121,19.114454,22.516396,21.326662
30,33.60897,30.262304,27.958717,24.159252,21.555264,20.773058,16.044188,14.901283,10.750496,11.4663315,9.938171,11.104864,10.217937,10.09984,9.16634,5.551174,9.346958,9.721461,15.160442,15.380834,20.093132,22.640177,25.353607,19.41125,17.390285,15.475802,11.05982,9.499849,5.3103933,7.143644,0.0,6.870102,8.974326,9.902249,5.150054,4.5915227,8.526195,8.636847,5.9866414,7.4017506,11.141644,10.53911,9.564803,13.095596,14.693135,15.027023,15.093424,18.359402,20.214352,19.566021,16.808638,20.257215,22.227749,19.908123,19.062698,17.514338,13.071848,13.860128,18.054905,15.546155,9.946315,14.832228,16.206629,17.092882,12.24261,9.370428,13.935847,12.740437,9.407113,14.703607,15.614508,13.170729,12.292946,17.967287,15.420917,20.464111,20.722683,18.67475,24.462137,21.91872,24.649988,27.626978,25.071268,20.936424,17.678745,19.769756,13.174729,15.913349,14.279629,16.74729,16.98749,18.039814,18.807278,18.39806,17.560947,16.438234,15.345205,16.29763,14.83165,18.505125,16.390877
31,40.306244,37.010284,34.513577,30.929125,28.19981,27.167002,22.68027,20.700272,16.759684,15.983633,13.464392,12.859501,10.099427,8.430042,11.072847,10.656695,14.122177,15.945683,20.468702,21.478125,26.048607,28.175436,30.809237,24.41106,21.889032,19.638998,15.547323,12.686371,9.827966,7.4546523,6.870102,0.0,7.2223525,6.9302077,5.9592857,8.474581,11.372111,10.933479,11.367834,13.237329,15.555956,15.723056,16.015951,19.127897,19.917038,21.04457,21.780846,24.485052,26.090263,24.825037,21.811617,26.34183,27.335287,24.344072,23.854778,22.163792,18.264833,17.997068,21.492079,19.16549,13.622711,16.738876,16.355783,17.169296,12.77721,9.473355,11.936142,9.573395,9.422768,15.103772,14.142069,11.6361475,13.56299,18.779833,17.546768,21.900124,23.00042,22.09628,27.876211,26.327383,29.42613,32.76471,30.554218,26.260126,23.423042,25.907785,19.149845,21.424677,18.74921,20.439678,20.079208,20.995071,21.807981,20.906843,20.447514,19.692959,19.174063,21.49514,20.362791,24.52051,22.854584
32,39.02261,36.290134,33.104,29.964983,27.575922,25.216146,22.01834,18.630962,14.669215,13.125792,9.263723,8.779108,4.9569044,6.005129,10.678557,10.2278,14.128289,16.679361,20.31921,22.533495,26.802528,29.423206,32.96821,27.162828,24.725725,21.944202,18.81509,15.947576,13.098115,12.065881,8.974326,7.2223525,0.0,5.5622725,7.0927653,6.5481944,7.866089,10.667964,11.728611,11.699787,13.7751045,16.902142,16.391836,17.727947,19.456362,22.343403,21.917454,23.418497,26.169699,24.394522,22.953392,27.520414,28.952356,26.22479,26.67513,25.87919,21.374155,22.431097,25.949389,22.25303,17.568779,21.970247,21.979193,21.832533,16.785969,14.791793,18.412546,16.605059,15.9463825,21.591997,21.257895,18.572746,19.801018,25.33526,23.524536,28.276869,28.980522,27.391726,33.218643,30.836117,33.622417,36.537334,33.920227,29.850698,26.490688,28.098587,21.840878,23.77222,21.894653,23.487154,22.375492,22.192602,21.742802,19.603909,17.964506,16.33276,15.117292,18.369371,16.790161,21.437443,20.535894
33,41.599163,38.606274,35.995068,32.245163,30.11668,28.291668,24.550274,22.31176,17.846176,17.516058,13.803279,14.096664,10.4923315,10.894859,15.061852,13.503767,17.764656,19.177423,23.96329,25.006744,29.617476,32.309464,35.237656,29.280067,27.096516,24.850737,20.722273,18.355396,14.769031,13.850983,9.902249,6.9302077,5.5622725,0.0,5.3689866,8.104908,8.028819,7.9513693,11.110893,12.5524235,12.74601,15.397265,16.46978,17.884232,18.118967,21.558897,22.367271,23.219812,25.1798,22.883081,20.993916,26.752508,26.979753,23.694427,24.707176,24.313427,20.18011,21.07367,23.601393,19.445515,15.531315,19.175505,18.406933,17.572044,12.799027,11.751046,15.109953,14.117596,14.497729,19.419115,19.553534,17.982649,19.256905,24.473646,22.315762,26.82383,28.234842,26.718487,32.487865,30.06351,33.286663,36.118874,34.182297,30.01967,26.631153,29.33305,22.737123,25.810625,23.977373,26.073074,25.674952,26.144083,26.244883,24.586332,23.127272,21.474018,19.965715,22.5287,20.216557,24.637999,22.744104
34,37.20951,33.98324,31.719154,27.7175,25.525269,24.311527,20.006105,18.676697,14.104059,14.759371,11.899471,13.054185,10.6607,11.011263,12.777681,9.788472,14.041798,14.505456,19.943708,20.181107,24.907112,27.623947,30.263544,24.404482,22.480812,20.611517,16.08076,14.390749,10.294889,10.755837,5.150054,5.9592857,7.0927653,5.3689866,0.0,4.633654,6.2611556,5.0796514,6.2514777,8.430974,9.693135,10.748686,11.536719,13.880182,14.307535,16.634722,17.505453,19.193966,20.918161,19.233906,16.778946,21.91778,22.650244,19.653128,20.014633,19.326176,15.032764,16.063643,19.064081,15.262274,10.732191,15.155456,15.415297,15.177542,9.981599,8.318404,12.976511,12.316846,10.829231,15.787243,16.783459,15.177738,15.176256,20.607683,17.899845,22.7214,23.766417,21.84699,27.618298,24.934746,28.050255,30.841118,28.829447,24.689112,21.266668,24.046392,17.435257,20.85111,19.321554,21.814617,21.970963,22.86439,23.359907,22.383621,21.12972,19.58369,18.02159,19.567894,17.254848,21.28122,18.880966
35,33.58513,30.610924,27.917572,24.257666,22.050936,20.255032,16.478998,14.418368,9.836852,10.410609,7.524192,9.485241,8.142748,9.589756,10.20116,6.440779,10.81675,11.598394,16.473228,17.409742,21.903301,24.844059,28.064564,22.604992,20.7212,18.540752,14.796895,13.194002,9.386357,10.921938,4.5915227,8.474581,6.5481944,8.104908,4.633654,0.0,4.3093777,6.8921976,5.595475,5.3653674,8.589167,10.899525,9.854879,11.579622,13.591904,15.910661,15.396835,17.257858,19.901827,18.571579,17.022467,21.042166,22.894001,20.555515,20.758377,20.142519,15.457356,17.196804,20.85985,17.06985,12.60629,17.907787,19.022339,18.984472,13.744865,12.047155,16.977165,16.039448,13.509361,18.658855,19.73638,17.436285,16.82736,22.479862,19.675705,24.754992,25.092625,22.755404,28.471233,25.410755,28.047764,30.650682,28.06906,24.135696,20.526897,22.266346,16.14273,18.872465,17.847383,20.219799,19.993017,20.350935,20.29239,19.021765,17.310804,15.436955,13.564479,15.050729,12.728882,16.928707,15.030052
36,34.43274,31.683428,29.057388,25.265827,23.619366,21.391325,18.277582,16.378872,11.734995,12.851416,9.480912,11.97727,10.282294,12.535873,14.082469,10.31966,14.519117,14.7930565,19.619371,20.326204,24.684511,27.897104,31.115396,26.051676,24.458447,22.443863,18.687853,17.420074,13.489104,15.114156,8.526195,11.372111,7.866089,8.028819,6.2611556,4.3093777,0.0,5.408747,6.442007,5.748641,6.0730824,10.868039,10.657664,10.598437,12.048659,16.254707,15.917515,16.090248,18.960608,16.830923,16.260286,21.11804,22.336676,19.864378,21.146011,21.46729,16.858881,19.246178,22.099497,17.21735,14.133298,19.432762,20.295746,19.355812,14.132289,13.753422,18.880096,18.54798,16.5346,21.187834,22.755407,20.983595,20.28226,25.809587,22.57249,27.613356,28.211695,25.607021,31.207256,27.676785,30.38484,32.606964,30.327536,26.56377,22.715403,24.68823,18.903156,22.171415,21.654198,24.217188,24.07518,24.285934,23.922636,22.327335,20.118214,17.75442,15.230889,16.619663,13.307067,17.435673,15.224999
37,36.332077,33.17593,31.306824,26.920374,25.35532,24.150053,20.138882,19.681944,14.9342785,16.819695,14.019389,16.22588,14.199924,15.426455,16.793926,12.715847,16.892128,16.159967,22.00868,21.421038,26.080378,29.143322,31.550627,26.264286,24.89837,23.486391,18.77507,18.003769,13.61628,15.259764,8.636847,10.933479,10.667964,7.9513693,5.0796514,6.8921976,5.408747,0.0,5.140685,7.5203743,5.774147,7.9625516,10.03038,11.072203,10.302144,14.2660265,15.675562,15.858379,17.3679,15.008864,13.157947,19.246067,19.220203,16.087759,17.589163,18.081455,13.911064,15.975981,17.929216,12.731421,10.258668,14.942191,15.447974,14.086509,8.974415,9.619246,14.813297,15.400034,13.70839,17.42996,19.66635,18.907473,17.933632,23.042648,19.44681,24.226408,25.397821,22.878717,28.370243,24.903816,28.046469,30.27748,28.699604,24.820549,21.088919,24.288475,18.144545,22.47871,21.837147,24.808134,25.409342,26.369198,26.73977,25.800499,24.114662,22.110214,19.860134,20.643261,17.344637,20.935295,17.765697
38,31.809237,28.502022,26.692884,22.289015,20.491436,19.713951,15.2538,15.411964,10.8178,13.476682,11.817335,14.476015,13.6981,14.823075,14.154782,9.199915,12.842617,11.272221,17.359081,16.32851,20.98376,24.06269,26.469938,21.358519,20.178377,18.963285,14.376942,14.264502,9.935714,12.96385,5.9866414,11.367834,11.728611,11.110893,6.2514777,5.595475,6.442007,5.140685,0.0,3.876673,5.665412,5.311935,5.400892,8.029859,8.8013935,10.707707,11.352086,13.155548,14.928089,13.751593,11.518917,15.93051,17.353916,14.999451,15.26253,15.113181,10.459447,12.898647,15.991798,11.777675,8.201249,13.938718,15.765035,15.510022,10.576387,9.932876,15.48975,15.751021,12.385358,16.20629,18.729778,17.461792,15.424852,20.671865,16.873396,21.938396,22.373615,19.460102,24.939472,21.263506,24.048895,26.309551,24.252104,20.412958,16.598038,19.31222,13.261083,17.499037,17.255295,20.39194,21.248041,22.33747,22.866537,22.434525,20.945778,19.13681,17.030071,16.932142,13.983331,17.15418,13.827519
39,29.307365,26.308647,24.019932,19.934479,18.235285,16.674974,12.940258,12.362505,7.6924663,10.678088,9.188613,12.52424,12.530205,14.399408,13.253875,8.066539,11.444914,10.110928,15.452958,15.155158,19.495491,22.828955,25.830101,21.18521,20.049124,18.528845,14.825399,14.681811,10.84335,14.181404,7.4017506,13.237329,11.699787,12.5524235,8.430974,5.3653674,5.748641,7.5203743,3.876673,0.0,5.4120913,7.600747,5.400684,6.2841535,9.139751,11.531007,10.442109,11.963729,14.914582,13.912506,13.048839,16.335947,18.715792,17.004557,17.373938,17.43453,12.706071,15.601599,19.00823,14.843785,11.683947,17.546349,19.600521,19.341623,14.406012,13.666137,19.152973,19.038069,15.513253,19.637756,21.903053,20.096004,18.050186,23.406727,19.749813,24.883717,24.847021,21.73634,27.085659,23.179708,25.506912,27.539906,25.006432,21.438738,17.512403,19.119974,13.759488,17.204266,17.455149,20.376286,20.803997,21.33515,21.28234,20.495333,18.531576,16.364952,13.858421,13.55239,10.237756,13.577144,10.588203
40,31.844408,28.957952,27.155935,22.7342,21.770218,20.248976,17.01423,17.098711,12.639721,15.671026,13.525148,16.804554,15.937818,18.029665,18.166706,13.242956,16.839762,15.208132,20.68938,19.79154,24.031702,27.461725,30.047548,25.674093,24.834692,23.643267,19.510601,19.531118,15.353545,18.28255,11.141644,15.555956,13.7751045,12.74601,9.693135,8.589167,6.0730824,5.774147,5.665412,5.4120913,0.0,6.793041,7.5567183,6.046479,6.1187296,11.618192,11.938661,10.751361,13.217422,10.778606,10.793922,15.99731,16.777866,14.565274,16.544205,17.894978,13.628425,16.97216,18.929565,13.34322,12.288255,17.65656,19.220673,17.82799,13.195626,14.15748,19.667782,20.402956,17.658304,20.996412,23.873804,22.922737,20.929375,25.990538,21.865961,26.777908,27.326015,24.088528,29.23107,24.942146,27.56192,29.167292,27.38065,23.979395,19.951696,22.447134,17.355137,21.699478,22.165592,25.329191,26.035677,26.715372,26.681904,25.743149,23.57122,21.151325,18.294643,18.028734,13.975796,16.879782,13.2803135
41,30.856043,27.333052,26.482794,21.521563,20.312983,20.51798,15.885237,17.92393,13.860931,17.543438,16.56233,19.509638,18.993813,20.045902,18.80581,13.621537,16.476547,13.440433,19.757002,17.132175,21.547468,24.625807,26.16002,21.709217,21.297794,21.00187,16.159264,17.249071,13.147337,16.74862,10.53911,15.723056,16.902142,15.397265,10.748686,10.899525,10.868039,7.9625516,5.311935,7.600747,6.793041,0.0,4.68242,7.1793494,5.408767,6.3889575,9.055183,10.296624,10.558743,9.643062,6.3096805,11.440852,12.086951,9.742867,10.284178,11.134554,6.9632673,10.446889,12.288842,7.4018235,6.575729,11.869598,14.439608,13.846758,10.066909,10.914847,16.206884,17.568787,13.912921,15.868717,19.668835,19.42941,16.287075,20.677654,16.066488,20.754967,21.265898,17.816917,22.721338,18.36265,21.20449,22.91436,21.569105,18.05079,14.179972,17.87378,12.6034775,17.98844,18.574524,22.158457,23.841888,25.409609,26.306847,26.43972,25.085754,23.324974,21.095795,19.943527,16.719152,18.77782,14.497344
42,26.961817,23.51143,22.212736,17.466908,15.974993,15.970411,11.284777,13.363998,9.607694,13.744006,13.614181,16.821688,17.24853,18.515247,16.130259,10.706201,12.867462,9.424448,15.431883,13.028878,17.352337,20.626583,22.719439,18.511612,18.115953,17.622993,13.49853,14.83038,11.196519,15.521281,9.564803,16.015951,16.391836,16.46978,11.536719,9.854879,10.657664,10.03038,5.400892,5.400684,7.5567183,4.68242,0.0,5.107354,7.007581,6.3314285,5.9812675,9.146724,10.909967,11.100533,9.165958,11.272496,14.154474,13.009579,12.513166,12.56478,8.0124235,11.580028,14.84,11.377383,9.120279,14.805579,17.805225,17.91619,13.844252,13.434765,18.769571,19.33022,14.970502,17.721277,20.97578,19.82457,16.473907,21.16836,16.89258,21.815334,21.508465,17.87964,22.804262,18.40309,20.61833,22.36821,20.104498,16.692701,12.650398,14.935397,9.950622,14.596609,15.670598,19.14053,20.586567,21.833616,22.458755,22.653997,21.219433,19.478233,17.28606,15.574546,12.641553,14.432561,10.324674
43,25.969532,23.043371,21.569025,16.936602,16.361202,15.300067,12.273887,13.909202,10.400861,14.751921,14.2523365,18.01485,18.510239,20.607914,18.858198,13.488586,15.769785,12.80649,17.784796,15.998984,19.687483,23.27633,25.731455,22.348677,22.160946,21.488623,18.029627,19.125845,15.570486,19.646101,13.095596,19.127897,17.727947,17.884232,13.880182,11.579622,10.598437,11.072203,8.029859,6.2841535,6.046479,7.1793494,5.107354,0.0,5.040921,8.175947,6.5621257,5.7199597,9.281341,8.570122,9.497232,11.728615,14.414763,13.706148,14.760105,16.148767,12.110242,16.146416,18.51597,13.95925,13.348437,18.885073,21.578806,20.868616,16.749367,17.228472,22.757042,23.47272,19.581532,22.398924,25.719807,24.584442,21.508207,26.23407,21.856646,26.698484,26.445051,22.661097,27.274834,22.465801,24.387056,25.494846,23.35245,20.489563,16.419895,18.010677,14.296359,18.427595,20.023409,23.314392,24.391153,25.091734,25.057158,24.682095,22.565649,20.244644,17.361864,15.429388,11.420921,12.821926,8.36719
44,29.397825,26.289986,25.566496,20.592974,20.28709,19.946869,16.536135,18.738068,15.003382,19.141344,18.11041,21.621397,21.342344,23.147213,22.10515,16.729158,19.471493,16.321404,21.97406,19.45978,23.33555,26.740593,28.469501,24.934944,24.893936,24.606586,20.371483,21.592329,17.626389,21.401976,14.693135,19.917038,19.456362,18.118967,14.307535,13.591904,12.048659,10.302144,8.8013935,9.139751,6.1187296,5.408767,7.007581,5.040921,0.0,7.1607146,8.73595,6.308247,7.2913074,5.00768,5.4179707,10.512518,10.934447,9.432338,11.831931,14.2819,10.921622,15.013304,15.942212,10.416223,11.829315,16.57643,18.990595,17.608038,14.196688,15.883731,21.165419,22.671274,19.271906,21.115776,25.041088,24.787466,21.632221,25.920088,21.17288,25.68187,26.032475,22.272394,26.671824,21.737446,24.115185,25.0196,23.809282,20.94115,16.978765,19.967108,16.026638,21.141684,22.512352,26.071577,27.592953,28.75426,29.13611,28.931173,27.019733,24.791962,21.990046,20.37838,16.386566,17.805534,13.213541
45,26.251812,22.519161,22.676435,17.39579,16.753845,18.274027,13.732693,17.847599,15.054648,19.551342,19.866179,23.080215,23.525953,24.590511,21.907116,16.628107,18.101343,13.715981,19.326881,15.174359,18.790823,21.791193,22.543716,19.41391,20.018316,20.684128,16.539383,18.978285,15.782271,20.218603,15.027023,21.04457,22.343403,21.558897,16.634722,15.910661,16.254707,14.2660265,10.707707,11.531007,11.618192,6.3889575,6.3314285,8.175947,7.1607146,0.0,5.1590257,7.8432684,6.5357113,8.442485,5.3896313,5.3150606,8.319268,8.359088,7.155335,8.49315,5.7839055,10.106194,11.635405,8.94729,9.962725,14.031362,17.699217,17.725828,15.22059,15.846271,20.52986,22.021395,17.56862,18.295439,22.637321,22.534227,18.220789,21.66025,16.77614,20.916122,20.558424,16.413471,20.249228,15.032994,17.075603,17.950382,16.667128,13.920445,10.063648,13.593343,10.482784,16.03314,17.987034,21.7357,24.088675,25.883177,26.978733,27.824171,26.673191,25.120186,22.993818,20.442774,17.601904,18.04752,13.379273
46,21.868015,18.328041,17.869886,12.694524,12.066634,13.169047,9.101941,13.528324,11.524858,16.32457,17.372385,20.821726,22.073076,23.515244,20.131248,14.907999,15.654215,11.169434,15.780461,12.04666,15.223822,18.605585,20.208042,17.672762,18.330536,18.674717,15.629472,18.07225,15.408013,20.1829,15.093424,21.780846,21.917454,22.367271,17.505453,15.396835,15.917515,15.675562,11.352086,10.442109,11.938661,9.055183,5.9812675,6.5621257,8.73595,5.1590257,0.0,6.4313717,7.977809,10.262336,9.692073,7.3965707,12.413896,13.154335,12.081684,12.690302,9.568087,13.517824,16.239775,13.83103,13.341225,18.169895,21.821085,22.061012,18.792068,18.694622,23.706736,24.497583,19.72764,21.50504,25.201208,24.20842,20.057905,23.946371,19.510962,23.915974,22.89783,18.749199,22.599949,17.524994,18.75913,19.54758,17.140121,14.745131,10.843432,11.971242,9.891954,14.108489,16.745144,20.20881,22.10694,23.34214,23.915964,24.629335,23.214993,21.555717,19.34292,16.120842,13.459055,13.174282,8.584854
47,23.746717,20.918852,20.55501,15.622682,16.242712,16.07722,13.896695,17.176672,14.789763,19.484259,19.578165,23.415653,24.17094,26.266352,24.077152,18.695856,20.319824,16.559732,20.986942,18.098099,20.965343,24.491587,26.22986,24.073666,24.666582,24.718124,21.539692,23.432894,20.182642,24.594042,18.359402,24.485052,23.418497,23.219812,19.193966,17.257858,16.090248,15.858379,13.155548,11.963729,10.751361,10.296624,9.146724,5.7199597,6.308247,7.8432684,6.4313717,0.0,4.900261,5.635734,8.738354,8.514933,11.459148,12.269892,13.706798,16.187658,13.438731,17.806768,19.10814,14.934631,16.320084,21.051336,24.145254,23.254803,20.06123,21.193098,26.472422,27.71864,23.628822,25.37902,29.359108,28.726496,24.977533,29.02382,24.287905,28.658766,28.205664,24.045881,27.767935,22.401217,23.815851,23.963112,22.345463,20.35519,16.554588,18.041225,16.17555,20.486826,22.969328,26.401054,27.985407,28.8752,28.96194,28.992762,26.937208,24.680153,21.784517,18.908472,15.077336,14.778933,10.048047
48,25.622255,22.45736,23.119024,17.907091,18.616148,19.633936,16.75172,20.903467,18.462177,23.21123,23.31589,26.974272,27.439747,29.135942,26.896084,21.455374,23.068611,18.832924,23.739557,19.861006,22.72617,25.9365,26.718931,24.721615,25.668324,26.317701,22.666277,25.009115,21.721252,26.131819,20.214352,26.090263,26.169699,25.1798,20.918161,19.901827,18.960608,17.3679,14.928089,14.914582,13.217422,10.558743,10.909967,9.281341,7.2913074,6.5357113,7.977809,4.900261,0.0,4.2856603,6.1975746,5.132508,6.7482686,8.475944,10.064858,13.420358,11.977588,16.183716,16.251637,12.5767145,15.584809,19.231401,22.479662,21.545303,19.377089,21.026167,25.821669,27.642176,23.611315,24.203186,28.74312,28.828985,24.670664,27.994986,23.007519,26.837702,26.587128,22.363604,25.47159,19.924908,21.428934,21.143356,20.449905,18.754202,15.295361,17.908607,16.427603,21.436687,23.950306,27.602093,29.772207,31.192595,31.80597,32.292496,30.609959,28.608492,25.945646,23.033258,19.49731,19.143032,14.334242
49,28.856894,25.913017,26.002525,20.935583,21.465786,21.605442,18.837208,21.95202,18.841091,23.294926,22.61764,26.27976,26.20618,28.106562,26.8029,21.36679,23.704437,20.058874,25.335169,22.167778,25.479406,28.843382,30.054075,27.4147,27.918257,28.1078,24.090553,25.829088,22.076056,26.076286,19.566021,24.825037,24.394522,22.883081,19.233906,18.571579,16.830923,15.008864,13.751593,13.912506,10.778606,9.643062,11.100533,8.570122,5.00768,8.442485,10.262336,5.635734,4.2856603,0.0,5.5899777,9.017818,8.352403,8.2489605,11.622168,15.255434,13.223203,17.405664,17.19132,12.080876,15.354901,19.173113,21.766294,20.126085,17.71585,19.950727,24.884493,26.813843,23.382317,24.351637,28.752714,28.916414,25.32458,29.03969,24.055248,28.097889,28.362625,24.362204,27.97524,22.639416,24.644884,24.713331,24.107439,21.965637,18.296968,21.260414,18.668152,23.861055,25.845562,29.495749,31.34328,32.599987,33.01382,33.019936,31.06774,28.802399,25.89293,23.667177,19.628946,20.059855,15.321833
50,30.506168,27.008673,27.23574,21.949678,21.6931,22.628723,18.539692,21.935244,18.509933,22.787766,22.172178,25.420883,25.094082,26.321579,24.842907,19.532675,21.886148,18.073734,24.01815,20.336363,24.110409,27.149899,27.85865,24.523752,24.910738,25.360325,20.742298,22.620407,18.850254,22.688137,16.808638,21.811617,22.953392,20.993916,16.778946,17.022467,16.260286,13.157947,11.518917,13.048839,10.793922,6.3096805,9.165958,9.497232,5.4179707,5.3896313,9.692073,8.738354,6.1975746,5.5899777,0.0,7.6986127,6.126657,4.2151866,6.773423,10.153339,8.325411,12.186459,11.669144,6.653585,10.446093,13.708642,16.55238,15.368295,13.419374,15.537295,20.088087,22.259972,18.75999,19.044846,23.685564,24.269917,20.491735,23.834644,18.792292,22.665766,23.187862,19.351461,23.102432,18.039227,20.586378,21.21311,20.894577,18.243298,14.694933,18.84296,15.369112,21.12441,22.590755,26.35476,28.57493,30.345865,31.347507,31.783684,30.372677,28.52564,26.079395,24.117762,20.618477,21.563475,16.76519
51,24.346659,20.667385,21.979034,16.65523,16.991604,19.339975,15.663686,20.787712,18.85433,23.593128,24.358309,27.72928,28.49437,29.679884,26.609835,21.383759,22.295494,17.548296,22.299839,17.473352,20.068611,22.864616,22.83733,21.160671,22.532532,23.819363,20.30348,23.286016,20.554237,25.136238,20.257215,26.34183,27.520414,26.752508,21.91778,21.042166,21.11804,19.246067,15.93051,16.335947,15.99731,11.440852,11.272496,11.728615,10.512518,5.3150606,7.3965707,8.514933,5.132508,9.017818,7.6986127,0.0,6.2576785,8.919475,7.572214,9.9720545,9.671482,13.353603,13.619605,12.098513,14.638776,17.580856,21.41417,21.36665,19.714369,20.711657,25.010439,26.779238,22.288797,22.158789,26.810223,27.020123,22.308292,24.937115,20.046766,23.443642,22.74567,18.41251,20.927034,15.286527,16.445124,16.029888,15.415367,13.985837,10.91314,13.863433,13.322176,18.325663,21.093405,24.752392,27.435024,29.280329,30.396362,31.547531,30.414526,28.891582,26.72439,23.460964,20.730062,20.052603,15.4190645
52,30.260458,26.717188,28.11613,22.797707,23.159521,25.119806,21.313902,25.836899,23.122852,27.678558,27.622221,30.916452,30.898718,31.99918,29.928867,24.655062,26.378086,21.986109,27.463657,22.845045,25.892992,28.600935,28.302666,26.069023,27.175331,28.384903,24.089981,26.681723,23.399897,27.446697,22.227749,27.335287,28.952356,26.979753,22.650244,22.894001,22.336676,19.220203,17.353916,18.715792,16.777866,12.086951,14.154474,14.414763,10.934447,8.319268,12.413896,11.459148,6.7482686,8.352403,6.126657,6.2576785,0.0,4.202058,5.6702676,10.183067,11.0351,14.174494,12.104513,9.689709,14.677734,16.249716,19.410358,18.503689,18.010866,20.210016,23.983534,26.518774,22.88542,21.839737,26.920326,28.038853,23.661736,25.887093,20.80553,23.700994,23.976181,20.005228,22.317345,16.97299,18.925272,18.422806,19.218157,17.652964,14.964549,19.22076,17.617086,23.239754,25.317081,29.095242,31.85491,33.921276,35.20158,36.141975,34.95202,33.282734,30.94702,28.309055,25.083447,25.092901,20.259699
53,33.050117,29.449812,30.261889,24.913696,24.799618,26.270056,22.052849,25.835453,22.505144,26.734835,26.120663,29.214891,28.688608,29.653616,28.262798,23.09742,25.378708,21.443615,27.439041,23.294329,26.924135,29.695599,29.736834,26.593506,27.204775,28.047174,23.246223,25.33035,21.680252,25.28146,19.908123,24.344072,26.22479,23.694427,19.653128,20.555515,19.864378,16.087759,14.999451,17.004557,14.565274,9.742867,13.009579,13.706148,9.432338,8.359088,13.154335,12.269892,8.475944,8.2489605,4.2151866,8.919475,4.202058,0.0,5.275056,9.640209,9.763641,12.682051,10.299538,6.1976504,11.896211,13.323215,15.97828,14.610831,14.165753,16.823689,20.531384,23.25206,20.12872,19.186232,24.208902,25.529106,21.62734,24.133106,19.058966,22.17521,23.046665,19.38857,22.421694,17.49213,20.16717,20.441832,21.099949,18.784935,15.834601,20.638468,17.620436,23.536413,24.934435,28.728224,31.295313,33.38375,34.696495,35.386536,34.18911,32.481888,30.153439,28.158258,24.78,25.577414,20.751297
54,31.28051,27.338861,28.439722,23.141851,22.607737,24.956358,20.15294,24.539421,21.684874,25.862364,25.921295,28.753658,28.636354,29.141418,26.846209,21.934563,23.505613,19.210087,24.995266,20.218447,23.658869,26.02273,25.464571,22.404875,23.27903,24.62797,19.961985,22.602276,19.541208,23.326002,19.062698,23.854778,26.67513,24.707176,20.014633,20.758377,21.146011,17.589163,15.26253,17.373938,16.544205,10.284178,12.513166,14.760105,11.831931,7.155335,12.081684,13.706798,10.064858,11.622168,6.773423,7.572214,5.6702676,5.275056,0.0,4.677533,6.5572066,8.763679,6.6393785,6.251867,10.407268,11.21117,14.858881,14.927166,14.692801,16.165382,19.431343,21.89808,18.09363,16.502817,21.63105,22.931469,18.392035,20.27039,15.211269,18.04123,18.417248,14.5729265,17.284584,12.231483,14.92585,15.47207,16.155663,13.770601,11.229894,16.53114,13.925487,19.765535,21.224617,24.982094,27.963655,30.407347,32.149635,33.418667,32.719566,31.454742,29.587406,27.284199,24.62563,25.1519,20.512888
55,31.296034,27.12754,28.059456,22.984436,21.782719,24.545527,19.16915,23.49085,20.88391,24.657219,25.07938,27.473185,27.51739,27.509094,24.7058,20.281261,21.363203,17.15538,22.786718,17.853333,21.34984,23.286806,22.419895,18.863382,19.649311,21.252855,16.552883,19.416113,16.901346,20.520409,17.514338,22.163792,25.87919,24.313427,19.326176,20.142519,21.46729,18.081455,15.113181,17.43453,17.894978,11.134554,12.56478,16.148767,14.2819,8.49315,12.690302,16.187658,13.420358,15.255434,10.153339,9.9720545,10.183067,9.640209,4.677533,0.0,4.77118,4.8795996,4.3798103,7.621983,8.933283,9.08405,13.304921,14.680973,14.418465,14.664622,17.365992,19.445303,15.225824,13.231928,18.203957,19.417343,14.517469,15.951808,10.98733,13.786723,13.8196535,9.90155,13.010485,8.210791,11.4431925,13.065705,13.33213,10.261293,8.13798,14.004424,10.946361,16.579657,17.604502,21.253267,24.481846,27.244432,29.391552,31.060143,30.848705,30.015062,28.638468,26.456448,24.489819,25.170748,20.927544
56,29.92045,25.894442,25.96877,20.92159,19.415771,21.358286,15.881837,19.490013,16.460653,20.178066,20.37705,22.85995,22.898422,23.111368,20.465866,15.782828,17.257711,13.245735,19.331724,15.097582,19.192314,21.604193,21.84844,17.578302,17.783499,18.63544,13.6715,16.079075,13.006486,16.919552,13.071848,18.264833,21.374155,20.18011,15.032764,15.457356,16.858881,13.911064,10.459447,12.706071,13.628425,6.9632673,8.0124235,12.110242,10.921622,5.7839055,9.568087,13.438731,11.977588,13.223203,8.325411,9.671482,11.0351,9.763641,6.5572066,4.77118,0.0,4.3785563,7.1423664,6.7045846,5.665639,8.88141,12.927677,14.000056,12.043677,11.850054,15.758741,17.312977,12.739935,12.68199,17.172606,17.497763,12.952279,16.039135,11.066457,15.258222,15.248779,11.388189,15.880951,11.404373,14.395423,16.40482,15.369049,11.702722,8.299879,13.363255,8.56295,14.532148,15.336638,19.104328,21.806427,24.196926,25.97379,27.206633,26.70844,25.672295,24.15347,22.27722,20.142645,21.312746,17.14407
57,32.650085,28.477365,28.63682,23.830933,21.918505,24.23066,18.44537,21.795614,18.93772,22.02567,22.29373,24.176325,24.032623,23.574623,20.882671,16.97677,18.147463,14.610606,20.437313,16.222658,20.247288,22.05318,21.728361,16.938786,16.947786,18.092728,12.906207,15.290742,12.815692,15.9745,13.860128,17.997068,22.431097,21.07367,16.063643,17.196804,19.246178,15.975981,12.898647,15.601599,16.97216,10.446889,11.580028,16.146416,15.013304,10.106194,13.517824,17.806768,16.183716,17.405664,12.186459,13.353603,14.174494,12.682051,8.763679,4.8795996,4.3785563,0.0,5.4684777,8.340953,5.9422097,6.4640865,10.733935,13.015003,12.020711,10.978,13.519587,15.062698,10.531729,9.1027355,13.722726,14.582169,9.718097,11.920211,6.8570666,10.883106,11.131762,7.65386,12.561103,9.18939,12.786709,15.608779,14.895499,10.906933,8.685041,14.148754,9.165908,14.532057,14.427671,17.965057,20.972572,23.826366,26.141903,27.755148,27.809435,27.220198,26.197464,24.666702,23.10578,24.486217,20.69227
58,35.633995,31.473698,32.242573,27.171564,25.8265,28.282845,22.765673,26.484451,23.413832,26.799845,26.678476,28.76766,28.218578,27.906395,25.879166,21.770346,23.354458,19.723757,25.657894,21.177893,24.963587,26.772726,25.896093,21.771835,22.130676,23.50381,18.369389,20.638344,17.912315,20.714396,18.054905,21.492079,25.949389,23.601393,19.064081,20.85985,22.099497,17.929216,15.991798,19.00823,18.929565,12.288842,14.84,18.51597,15.942212,11.635405,16.239775,19.10814,16.251637,17.19132,11.669144,13.619605,12.104513,10.299538,6.6393785,4.3798103,7.1423664,5.4684777,0.0,6.5849805,8.390064,5.883784,9.676445,11.186095,12.2062,12.87466,14.5394745,17.198244,13.893852,10.713201,15.980962,18.097464,13.7775135,14.657809,9.831841,12.013248,13.304497,10.378992,13.528505,10.119799,13.910238,15.845651,16.748796,13.605249,12.000819,17.925093,14.083527,19.595507,19.779652,23.273418,26.392694,29.290775,31.594534,33.11776,33.00526,32.20528,30.890154,29.293255,27.208145,28.445229,24.203695
59,35.117542,31.272652,31.449991,26.226263,25.199087,26.543262,21.507668,24.508995,20.758606,24.320772,23.436,25.948315,25.015938,25.379902,24.304804,19.61879,22.158031,18.816696,25.214832,21.522322,25.73203,28.272093,28.501295,24.187008,24.178234,24.727953,19.40628,20.985624,17.252771,20.215706,15.546155,19.16549,22.25303,19.445515,15.262274,17.06985,17.21735,12.731421,11.777675,14.843785,13.34322,7.4018235,11.377383,13.95925,10.416223,8.94729,13.83103,14.934631,12.5767145,12.080876,6.653585,12.098513,9.689709,6.1976504,6.251867,7.621983,6.7045846,8.340953,6.5849805,0.0,6.352711,7.423373,10.078207,9.295923,8.612662,10.892098,14.374109,17.102512,14.188547,13.240154,18.14588,19.609835,16.099073,18.822395,13.901888,17.365475,18.756655,15.625312,19.644903,15.589216,19.0383,20.5614,20.767263,17.488775,14.549302,19.877516,15.209897,21.13629,21.492462,25.165497,27.619656,29.915493,31.532808,32.25123,31.427465,30.032078,28.12413,26.867,23.939522,25.61041,21.124578
60,34.42481,30.53136,29.909283,25.07158,23.197409,24.229393,18.735903,20.765757,16.92604,19.722315,18.91143,20.856718,19.963448,19.812346,18.500233,14.312244,16.83249,14.197463,20.638924,17.731071,22.336966,24.710957,25.52449,20.216652,19.489368,19.507803,13.958527,14.962405,11.19683,13.891271,9.946315,13.622711,17.568779,15.531315,10.732191,12.60629,14.133298,10.258668,8.201249,11.683947,12.288255,6.575729,9.120279,13.348437,11.829315,9.962725,13.341225,16.320084,15.584809,15.354901,10.446093,14.638776,14.677734,11.896211,10.407268,8.933283,5.665639,5.9422097,8.390064,6.352711,0.0,5.895801,8.775753,9.762407,6.8374615,6.219722,10.581313,12.21541,8.358713,9.303504,13.402931,13.888491,10.596402,14.561367,10.037553,14.652044,15.761065,13.033588,18.306654,15.107011,18.61654,21.203823,20.230806,16.197319,13.139556,17.85743,11.724527,17.070534,16.470234,19.929363,22.037312,24.315077,26.043686,26.757992,26.257967,25.199446,23.776716,23.097507,20.865854,23.171942,19.351679
61,38.65933,34.570587,34.5135,29.61895,27.769394,29.446957,23.761063,26.19747,22.592228,25.164982,24.391626,25.920975,24.72802,24.00595,22.941565,19.446869,21.63648,19.090631,25.253456,21.881954,26.212572,28.056286,27.926334,22.687138,22.14281,22.729042,17.175323,18.310617,15.287133,16.960472,14.832228,16.738876,21.970247,19.175505,15.155456,17.907787,19.432762,14.942191,13.938718,17.546349,17.65656,11.869598,14.805579,18.885073,16.57643,14.031362,18.169895,21.051336,19.231401,19.173113,13.708642,17.580856,16.249716,13.323215,11.21117,9.08405,8.88141,6.4640865,5.883784,7.423373,5.895801,0.0,4.3500476,6.962599,7.7103477,7.672936,8.666797,11.505057,9.054646,6.074606,11.202999,13.573367,10.45719,12.26287,7.983714,11.01912,13.3474245,11.61052,16.07626,14.017298,17.983227,20.704195,20.844046,17.043625,15.116572,20.597492,15.156152,20.28002,19.27919,22.497025,25.050167,27.82434,30.086685,31.205502,31.16214,30.4289,29.303963,28.674566,26.680729,28.833826,24.95467
62,42.724136,38.68952,38.40438,33.546097,31.630768,32.928986,27.31397,29.119762,25.21518,27.313128,25.977886,27.144121,25.333225,24.374517,24.351927,21.360584,23.984194,22.129414,28.285688,25.485325,29.956696,31.780699,31.835775,26.285898,25.388798,25.617844,20.03912,20.423285,17.340393,17.950796,16.206629,16.355783,21.979193,18.406933,15.415297,19.022339,20.295746,15.447974,15.765035,19.600521,19.220673,14.439608,17.805225,21.578806,18.990595,17.699217,21.821085,24.145254,22.479662,21.766294,16.55238,21.41417,19.410358,15.97828,14.858881,13.304921,12.927677,10.733935,9.676445,10.078207,8.775753,4.3500476,0.0,4.202833,6.7704515,7.255098,6.0125637,9.692549,9.496936,6.4873533,10.445236,13.545563,12.077177,13.591394,10.556,12.732153,15.8437605,15.057296,19.297037,17.970871,21.969154,24.745075,25.057915,21.25529,19.415556,24.787542,19.051725,23.903364,22.386284,25.33002,27.536812,30.207432,32.4167,33.23334,33.187,32.438698,31.354198,31.330019,29.241262,31.851269,28.090872
63,43.609413,39.717625,39.391342,34.388397,32.795017,33.69347,28.385416,30.056768,25.838526,28.13004,26.332699,27.792376,25.673645,25.175251,25.822042,22.446384,25.574701,23.70195,30.089119,27.42382,32.000668,34.174965,34.507824,29.121353,28.281616,28.309952,22.66753,22.918865,19.31971,20.11692,17.092882,17.169296,21.832533,17.572044,15.177542,18.984472,19.355812,14.086509,15.510022,19.341623,17.82799,13.846758,17.91619,20.868616,17.608038,17.725828,22.061012,23.254803,21.545303,20.126085,15.368295,21.36665,18.503689,14.610831,14.927166,14.680973,14.000056,13.015003,11.186095,9.295923,9.762407,6.962599,4.202833,0.0,5.285681,8.1975975,8.276329,12.003961,12.283755,10.53593,14.178553,16.89998,15.667585,17.724398,14.376029,16.779423,19.76726,18.510763,22.688692,20.663124,24.62843,26.971622,27.433273,23.745579,21.46427,26.877808,21.143833,26.380537,25.208643,28.3302,30.350218,32.75401,34.617603,35.040062,34.570175,33.4509,31.971987,32.046703,29.418177,32.1362,28.171759
64,40.44862,36.726196,35.83595,31.01052,29.27875,29.579031,24.473944,25.482212,21.080591,23.178555,21.15789,22.694458,20.575693,20.362123,21.169086,17.63753,21.100975,19.601545,25.977724,23.96247,28.703651,31.150455,32.21794,26.624367,25.492851,24.995731,19.438353,19.277552,15.275705,16.259258,12.24261,12.77721,16.785969,12.799027,9.981599,13.744865,14.132289,8.974415,10.576387,14.406012,13.195626,10.066909,13.844252,16.749367,14.196688,15.22059,18.792068,20.06123,19.377089,17.71585,13.419374,19.714369,18.010866,14.165753,14.692801,14.418465,12.043677,12.020711,12.2062,8.612662,6.8374615,7.7103477,6.7704515,5.285681,0.0,4.4661937,7.882028,10.470241,9.83627,10.776121,13.931241,15.241727,14.111245,17.746452,14.17396,17.922832,20.203238,18.438864,23.466368,20.902174,24.688004,27.195036,26.759926,22.794256,19.89733,24.68443,18.43262,23.478863,22.293554,25.41293,26.982914,28.996891,30.476536,30.52941,29.788574,28.494911,26.904154,27.235594,24.551596,27.582582,23.873652
65,39.578747,35.803368,34.60598,30.072897,27.865042,28.21128,22.872513,23.447037,19.262661,20.77769,19.039686,20.047787,18.090761,17.284832,17.711195,14.810282,17.98982,17.026096,23.1213,21.528004,26.295687,28.476728,29.706505,23.68674,22.174812,21.44805,15.953015,15.367141,11.660743,12.067844,9.370428,9.473355,14.791793,11.751046,8.318404,12.047155,13.753422,9.619246,9.932876,13.666137,14.15748,10.914847,13.434765,17.228472,15.883731,15.846271,18.694622,21.193098,21.026167,19.950727,15.537295,20.711657,20.210016,16.823689,16.165382,14.664622,11.850054,10.978,12.87466,10.892098,6.219722,7.672936,7.255098,8.1975975,4.4661937,0.0,5.5944967,6.9136767,5.547916,8.216487,10.4353485,10.991292,10.292147,14.544002,11.593467,15.746204,17.737856,16.382574,21.830273,19.87413,23.554913,26.577427,25.578346,21.364779,18.666792,22.997917,16.357162,20.717873,18.903997,21.732393,23.120775,25.19501,26.860239,27.070478,26.706617,25.784306,24.66771,25.252087,23.232609,26.436142,23.204184
66,44.20328,40.284283,39.273384,34.807896,32.41895,33.128452,27.587408,28.179096,24.238142,25.286526,23.62304,23.981586,21.769188,20.21185,20.985731,19.134396,21.883173,21.29015,26.994843,25.375565,29.978178,31.673536,32.38827,26.177435,24.537876,24.022419,18.700687,17.885717,15.125716,14.175276,13.935847,11.936142,18.412546,15.109953,12.976511,16.977165,18.880096,14.813297,15.48975,19.152973,19.667782,16.206884,18.769571,22.757042,21.165419,20.52986,23.706736,26.472422,25.821669,24.884493,20.088087,25.010439,23.983534,20.531384,19.431343,17.365992,15.758741,13.519587,14.5394745,14.374109,10.581313,8.666797,6.0125637,8.276329,7.882028,5.5944967,0.0,3.8907576,6.40865,6.476518,7.094871,9.434921,10.353421,12.871604,11.460712,14.0932045,16.97989,16.962378,21.85049,21.212608,25.037552,28.35067,27.831156,23.686108,21.755894,26.342377,19.929703,23.820063,21.372915,23.746084,25.228823,27.622974,29.72445,30.206402,30.36154,29.855026,29.182413,30.030891,28.415102,31.636908,28.542116
67,44.18585,40.353302,38.936104,34.804653,32.112026,32.56052,27.117691,27.02213,23.27791,23.623575,21.997992,21.77929,19.556713,17.514057,18.44594,17.50452,20.04709,20.260096,25.437069,24.554276,29.093801,30.623037,31.70719,25.211851,23.145527,22.195194,17.258995,15.711652,13.471432,11.425092,12.740437,9.573395,16.605059,14.117596,12.316846,16.039448,18.54798,15.400034,15.751021,19.038069,20.402956,17.568787,19.33022,23.47272,22.671274,22.021395,24.497583,27.71864,27.642176,26.813843,22.259972,26.779238,26.518774,23.25206,21.89808,19.445303,17.312977,15.062698,17.198244,17.102512,12.21541,11.505057,9.692549,12.003961,10.470241,6.9136767,3.8907576,0.0,5.3890553,7.867819,6.004135,6.7146134,9.385049,12.505802,12.144578,14.99559,17.384253,17.718414,22.850039,22.57729,26.170317,29.76362,28.689451,24.432787,22.54903,26.488035,19.913452,22.980902,19.994295,21.903591,22.909966,25.123514,27.18939,27.56416,27.94865,27.702208,27.404976,28.68956,27.553059,31.001333,28.417206
68,38.950825,35.066525,33.793865,29.642622,26.927435,27.723083,22.107513,22.604313,19.102552,20.022324,19.110903,19.442734,18.096506,16.438469,15.653334,13.839632,15.952232,15.397199,20.800793,19.360313,23.90307,25.506811,26.546545,20.15005,18.298794,17.624228,12.34008,11.560367,9.051536,8.627311,9.407113,9.422768,15.9463825,14.497729,10.829231,13.509361,16.5346,13.70839,12.385358,15.513253,17.658304,13.912921,14.970502,19.581532,19.271906,17.56862,19.72764,23.628822,23.611315,23.382317,18.75999,22.288797,22.88542,20.12872,18.09363,15.225824,12.739935,10.531729,13.893852,14.188547,8.358713,9.054646,9.496936,12.283755,9.83627,5.547916,6.40865,5.3890553,0.0,5.922223,6.402346,5.775713,5.2282434,10.015628,8.347742,12.542484,14.027824,13.47115,19.05025,18.171133,21.58487,25.17097,23.701609,19.38923,17.354446,21.116163,14.527924,17.75446,15.088561,17.447014,18.911146,21.347301,23.54336,24.333736,24.70697,24.455362,24.083912,24.636543,23.62325,26.640375,23.951803
69,40.769512,36.644875,36.191185,31.7487,29.2929,30.968382,25.103773,26.795538,23.512707,25.103905,24.517336,25.160858,23.944117,22.36027,21.214546,19.042528,20.726835,19.167133,24.646154,21.98149,26.212412,27.48355,27.38076,21.48322,20.32276,20.685867,15.426752,15.864343,13.884766,14.11671,14.703607,15.103772,21.591997,19.419115,15.787243,18.658855,21.187834,17.42996,16.20629,19.637756,20.996412,15.868717,17.721277,22.398924,21.115776,18.295439,21.50504,25.37902,24.203186,24.351637,19.044846,22.158789,21.839737,19.186232,16.502817,13.231928,12.68199,9.1027355,10.713201,13.240154,9.303504,6.074606,6.4873533,10.53593,10.776121,8.216487,6.476518,7.867819,5.922223,0.0,5.2981486,8.257462,6.1372538,7.277519,5.1891174,7.838588,10.574037,10.675505,15.41471,15.276111,19.013353,22.542608,22.122923,18.110546,16.899668,21.629692,15.903756,19.669067,17.453213,19.963436,22.295135,25.270428,27.925425,29.281853,29.87453,29.716131,29.286404,29.206648,28.05242,30.521212,27.317873
70,43.636723,39.599518,38.674206,34.638462,31.798008,33.14821,27.39104,28.144617,25.047523,25.65363,24.97236,24.771008,23.349987,21.063005,20.375397,19.578962,21.024776,20.640997,25.373997,23.718369,27.828722,28.740904,28.958008,22.641983,20.840769,20.672249,16.029861,15.360611,14.318269,12.776339,15.614508,14.142069,21.257895,19.553534,16.783459,19.73638,22.755407,19.66635,18.729778,21.903053,23.873804,19.668835,20.97578,25.719807,25.041088,22.637321,25.201208,29.359108,28.74312,28.752714,23.685564,26.810223,26.920326,24.208902,21.63105,18.203957,17.172606,13.722726,15.980962,18.14588,13.402931,11.202999,10.445236,14.178553,13.931241,10.4353485,7.094871,6.004135,6.402346,5.2981486,0.0,4.564119,6.3448544,7.007441,8.39964,9.894031,12.311521,13.753023,18.247227,19.19463,22.578789,26.44422,25.570084,21.535398,20.596092,24.528156,18.680128,21.215948,18.04517,19.699835,21.405407,24.260721,27.018944,28.291138,29.310278,29.559595,29.663815,30.28101,29.69507,32.545464,29.944462
71,41.65426,37.777294,36.351696,32.69409,29.58648,30.560005,25.012955,25.039274,22.212137,22.193207,21.707502,21.087845,19.94987,17.39343,16.348186,16.333406,17.43445,17.837557,21.975471,21.16818,25.223484,26.095232,26.95088,20.35173,18.04488,17.261059,13.05202,11.562692,11.1698675,8.77658,13.170729,11.6361475,18.572746,17.982649,15.177738,17.436285,20.983595,18.907473,17.461792,20.096004,22.922737,19.42941,19.82457,24.584442,24.787466,22.534227,24.20842,28.726496,28.828985,28.916414,24.269917,27.020123,28.038853,25.529106,22.931469,19.417343,17.497763,14.582169,18.097464,19.609835,13.888491,13.573367,13.545563,16.89998,15.241727,10.991292,9.434921,6.7146134,5.775713,8.257462,4.564119,0.0,5.3818393,8.268157,9.805548,12.411025,13.588489,14.632379,19.596693,20.262054,23.281778,27.2763,25.587492,21.439215,20.26365,23.28514,17.257774,18.87225,15.216672,16.440718,17.563496,20.173779,22.825361,23.991583,25.169767,25.635244,26.064745,26.985546,26.87632,29.871422,27.822197
72,37.426968,33.39734,32.478745,28.561937,25.631128,27.259539,21.447958,22.662058,20.02212,21.039543,21.174242,21.42258,20.950981,19.079983,16.67928,15.253115,15.9711,14.912198,19.563848,17.466187,21.51712,22.489151,22.834639,16.48061,14.801555,14.883663,9.984834,10.2799635,9.507614,9.702794,12.292946,13.56299,19.801018,19.256905,15.176256,16.82736,20.28226,17.933632,15.424852,18.050186,20.929375,16.287075,16.473907,21.508207,21.632221,18.220789,20.057905,24.977533,24.670664,25.32458,20.491735,22.308292,23.661736,21.62734,18.392035,14.517469,12.952279,9.718097,13.7775135,16.099073,10.596402,10.45719,12.077177,15.667585,14.111245,10.292147,10.353421,9.385049,5.2282434,6.1372538,6.3448544,5.3818393,0.0,5.6904855,5.1168785,9.041603,9.516095,9.554648,14.934324,15.009755,18.037695,21.97403,20.305752,16.126144,15.004444,18.39161,12.564657,14.884986,11.921352,14.046416,16.234776,19.28534,22.127405,23.806856,24.811974,25.091234,25.190493,25.101194,24.799967,27.16874,24.67695
73,40.220818,36.045483,35.73363,31.87944,29.02222,31.389736,25.528894,27.408926,25.179436,26.316427,26.747118,26.89685,26.502567,24.414265,21.866285,20.748579,20.954884,19.579634,23.655865,20.925972,24.33803,24.627571,23.80888,18.064283,16.923243,17.924753,13.915949,14.841234,14.938489,14.896094,17.967287,18.779833,25.33526,24.473646,20.607683,22.479862,25.809587,23.042648,20.671865,23.406727,25.990538,20.677654,21.16836,26.23407,25.920088,21.66025,23.946371,29.02382,27.994986,29.03969,23.834644,24.937115,25.887093,24.133106,20.27039,15.951808,16.039135,11.920211,14.657809,18.822395,14.561367,12.26287,13.591394,17.724398,17.746452,14.544002,12.871604,12.505802,10.015628,7.277519,7.007441,8.268157,5.6904855,0.0,5.108324,4.826887,5.6825857,8.254478,11.969646,14.074265,16.893702,20.978218,20.076397,16.443052,16.649986,20.225143,15.7377825,17.570124,14.781009,16.352272,19.076536,22.525446,25.8333,28.071281,29.5174,30.113256,30.444178,30.050182,29.96975,31.932756,29.34684
74,37.095116,32.880436,32.767887,28.482428,25.960278,28.330242,22.389765,24.857662,22.278708,24.205868,24.513437,25.370981,24.998005,23.536863,20.95147,18.606972,19.298203,17.014565,22.005638,18.583908,22.37899,23.309164,22.647905,17.07808,16.38737,17.50197,12.607552,14.239569,13.100008,14.446784,15.420917,17.546768,23.524536,22.315762,17.899845,19.675705,22.57249,19.44681,16.873396,19.749813,21.865961,16.066488,16.89258,21.856646,21.17288,16.77614,19.510962,24.287905,23.007519,24.055248,18.792292,20.046766,20.80553,19.058966,15.211269,10.98733,11.066457,6.8570666,9.831841,13.901888,10.037553,7.983714,10.556,14.376029,14.17396,11.593467,11.460712,12.144578,8.347742,5.1891174,8.39964,9.805548,5.1168785,5.108324,0.0,5.163649,6.159431,5.6319704,10.80546,10.837284,14.284034,18.083492,17.33585,13.381559,12.803666,17.28675,12.360022,15.730416,13.895587,16.512674,19.498987,22.798847,25.750309,27.736538,28.597258,28.686563,28.4469,27.6282,26.925629,28.730145,25.63074
75,40.429264,36.138603,36.489693,32.31081,29.857845,32.709766,26.80258,29.578299,27.269642,29.119892,29.55578,30.218845,29.806318,28.076454,25.518127,23.587732,23.976898,21.735477,26.2281,22.565952,25.833267,26.203648,24.647797,19.67427,19.312092,20.93901,16.735935,18.435337,17.939312,18.737604,20.464111,21.900124,28.276869,26.82383,22.7214,24.754992,27.613356,24.226408,21.938396,24.883717,26.777908,20.754967,21.815334,26.698484,25.68187,20.916122,23.915974,28.658766,26.837702,28.097889,22.665766,23.443642,23.700994,22.17521,18.04123,13.786723,15.258222,10.883106,12.013248,17.365475,14.652044,11.01912,12.732153,16.779423,17.922832,15.746204,14.0932045,14.99559,12.542484,7.838588,9.894031,12.411025,9.041603,4.826887,5.163649,0.0,4.033277,6.582618,8.951701,11.342361,14.433898,18.194952,18.361326,15.144192,15.80241,20.199385,16.48082,19.21317,17.373545,19.436989,22.645182,26.182354,29.460894,31.800283,33.012543,33.360645,33.33744,32.43465,31.926682,33.51584,30.416075
76,37.646408,33.36838,33.8261,29.934834,27.383509,30.599667,24.809671,27.87212,26.147627,28.021914,29.039036,29.734964,29.87729,28.212358,24.80181,22.967995,22.646719,20.183018,24.007326,20.094713,22.87409,22.884645,20.9685,16.318926,16.27541,18.386974,14.868605,17.168707,17.372694,18.66642,20.722683,23.00042,28.980522,28.234842,23.766417,25.092625,28.211695,25.397821,22.373615,24.847021,27.326015,21.265898,21.508465,26.445051,26.032475,20.558424,22.89783,28.205664,26.587128,28.362625,23.187862,22.74567,23.976181,23.046665,18.417248,13.8196535,15.248779,11.131762,13.304497,18.756655,15.761065,13.3474245,15.8437605,19.76726,20.203238,17.737856,16.97989,17.384253,14.027824,10.574037,12.311521,13.588489,9.516095,5.6825857,6.159431,4.033277,0.0,4.384483,6.328723,9.432948,11.78742,15.838161,15.409462,12.385086,13.714142,17.350468,14.531378,16.412266,14.819663,16.687338,20.213568,23.864584,27.280838,30.010489,31.426666,31.986025,32.16264,30.867786,30.78364,31.955187,29.126728
77,33.947464,29.640812,30.232496,26.078594,23.754068,27.056751,21.270605,24.865028,23.1079,25.557264,26.679241,27.889893,28.244108,27.070696,23.400715,20.75849,20.534027,17.339682,21.590012,17.0822,20.035519,20.53754,18.800789,14.331772,14.730338,16.975353,13.054667,16.006285,15.5941515,17.96151,18.67475,22.09628,27.391726,26.718487,21.84699,22.755404,25.607021,22.878717,19.460102,21.73634,24.088528,17.816917,17.87964,22.661097,22.272394,16.413471,18.749199,24.045881,22.363604,24.362204,19.351461,18.41251,20.005228,19.38857,14.5729265,9.90155,11.388189,7.65386,10.378992,15.625312,13.033588,11.61052,15.057296,18.510763,18.438864,16.382574,16.962378,17.718414,13.47115,10.675505,13.753023,14.632379,9.554648,8.254478,5.6319704,6.582618,4.384483,0.0,5.834043,5.925126,8.855985,12.867296,12.143686,8.622384,9.473924,13.717041,10.898533,13.77185,13.12131,15.770997,19.47622,22.964264,26.07796,28.666666,29.669168,29.897665,29.705683,27.976225,27.568647,28.46537,25.366789
78,35.30971,31.0009,32.42148,28.507193,26.508522,30.532827,25.073902,29.310364,28.064743,30.682352,32.13738,33.399162,33.9588,32.761555,28.80088,26.263474,25.62138,22.195913,25.719011,20.751482,22.717312,22.560461,19.484425,16.669586,17.883968,20.830744,17.915033,21.146458,21.21172,23.531933,24.462137,27.876211,33.218643,32.487865,27.618298,28.471233,31.207256,28.370243,24.939472,27.085659,29.23107,22.721338,22.804262,27.274834,26.671824,20.249228,22.599949,27.767935,25.47159,27.97524,23.102432,20.927034,22.317345,22.421694,17.284584,13.010485,15.880951,12.561103,13.528505,19.644903,18.306654,16.07626,19.297037,22.688692,23.466368,21.830273,21.85049,22.850039,19.05025,15.41471,18.247227,19.596693,14.934324,11.969646,10.80546,8.951701,6.328723,5.834043,0.0,5.6698585,6.673194,10.268156,11.002048,9.443373,12.1738205,15.666474,15.201305,17.208138,17.179888,19.2875,23.252005,26.84262,30.14137,33.155125,34.39214,34.803646,34.722935,32.555336,32.33342,32.651073,29.561703
79,31.289839,26.95511,28.50164,24.146624,22.544916,26.511389,21.142649,25.910408,24.49418,27.75974,29.152914,30.994942,31.6529,31.032001,27.079481,23.658592,23.337309,19.219574,23.324036,17.853611,20.123173,20.76578,18.230572,15.60355,17.135668,19.911646,16.501091,20.091335,19.320162,22.575941,21.91872,26.327383,30.836117,30.06351,24.934746,25.410755,27.676785,24.903816,21.263506,23.179708,24.942146,18.36265,18.40309,22.465801,21.737446,15.032994,17.524994,22.401217,19.924908,22.639416,18.039227,15.286527,16.97299,17.49213,12.231483,8.210791,11.404373,9.18939,10.119799,15.589216,15.107011,14.017298,17.970871,20.663124,20.902174,19.87413,21.212608,22.57729,18.171133,15.276111,19.19463,20.262054,15.009755,14.074265,10.837284,11.342361,9.432948,5.925126,5.6698585,0.0,4.0078125,7.288302,7.8694463,5.6032295,7.496727,12.086753,11.721299,15.103842,16.132822,19.050268,22.958452,26.240488,29.075089,31.733315,32.39266,32.333782,31.745855,29.191858,28.43438,28.500246,25.014143
80,29.460297,25.17407,27.21739,23.253803,21.823753,26.331333,21.399338,26.575832,25.842577,29.143826,31.025227,32.90387,33.987602,33.440063,28.947847,25.66725,24.753733,20.49596,23.691425,17.968737,19.288523,19.460083,16.108421,14.918157,17.118387,20.35856,17.941307,21.851017,21.626028,25.070477,24.649988,29.42613,33.622417,33.286663,28.050255,28.047764,30.38484,28.046469,24.048895,25.506912,27.56192,21.20449,20.61833,24.387056,24.115185,17.075603,18.75913,23.815851,21.428934,24.644884,20.586378,16.445124,18.925272,20.16717,14.92585,11.4431925,14.395423,12.786709,13.910238,19.0383,18.61654,17.983227,21.969154,24.62843,24.688004,23.554913,25.037552,26.170317,21.58487,19.013353,22.578789,23.281778,18.037695,16.893702,14.284034,14.433898,11.78742,8.855985,6.673194,4.0078125,0.0,4.2264175,4.711863,4.8109393,8.328147,11.12878,12.991011,15.185085,16.8771,19.425604,23.446524,26.659584,29.494268,32.470287,33.268612,33.373356,32.929806,29.932219,29.541153,29.01725,25.825817
81,28.415401,24.256104,27.043032,23.11345,22.340584,27.113825,22.727533,28.401335,27.875952,31.550018,33.51209,35.70934,36.913284,36.664368,32.135334,28.508495,27.619703,23.052656,26.06933,20.118633,20.917742,21.181395,17.54164,17.68201,20.263317,23.549274,21.376953,25.397095,24.950542,28.704897,27.626978,32.76471,36.537334,36.118874,30.841118,30.650682,32.606964,30.27748,26.309551,27.539906,29.167292,22.91436,22.36821,25.494846,25.0196,17.950382,19.54758,23.963112,21.143356,24.713331,21.21311,16.029888,18.422806,20.441832,15.47207,13.065705,16.40482,15.608779,15.845651,20.5614,21.203823,20.704195,24.745075,26.971622,27.195036,26.577427,28.35067,29.76362,25.17097,22.542608,26.44422,27.2763,21.97403,20.978218,18.083492,18.194952,15.838161,12.867296,10.268156,7.288302,4.2264175,0.0,4.8720436,7.4091253,10.374536,12.508045,15.630129,17.908564,20.256496,22.840498,26.79751,29.81246,32.41771,35.34661,35.918526,35.839966,35.159306,31.749123,31.135653,30.096212,26.76585
82,24.941833,20.698555,23.024239,19.35446,18.15876,23.03769,18.702024,24.28983,24.25307,27.71328,30.065947,32.15549,33.74571,33.530952,28.547504,25.163593,23.764002,19.270481,21.612242,15.698427,16.140558,16.310965,12.81208,13.140985,15.9505205,19.290203,17.783535,21.941565,21.935709,25.861612,25.071268,30.554218,33.920227,34.182297,28.829447,28.06906,30.327536,28.699604,24.252104,25.006432,27.38065,21.569105,20.104498,23.35245,23.809282,16.667128,17.140121,22.345463,20.449905,24.107439,20.894577,15.415367,19.218157,21.099949,16.155663,13.33213,15.369049,14.895499,16.748796,20.767263,20.230806,20.844046,25.057915,27.433273,26.759926,25.578346,27.831156,28.689451,23.701609,22.122923,25.570084,25.587492,20.305752,20.076397,17.33585,18.361326,15.409462,12.143686,11.002048,7.8694463,4.711863,4.8720436,0.0,4.341248,7.6578646,8.016436,12.236908,13.524719,16.300127,18.739828,22.595469,25.434631,27.926525,30.948124,31.592089,31.656504,31.175465,27.648882,27.49546,26.31245,23.443316
83,26.078907,21.744852,23.17979,19.123072,17.382889,21.695742,16.635744,21.769297,21.167725,24.495495,26.553017,28.52516,29.864136,29.527092,24.78923,21.377645,20.291346,15.881723,19.040644,13.240234,14.865567,15.52215,13.088075,11.19384,13.3683,16.384855,14.019791,18.089565,17.825409,21.696615,20.936424,26.260126,29.850698,30.01967,24.689112,24.135696,26.56377,24.820549,20.412958,21.438738,23.979395,18.05079,16.692701,20.489563,20.94115,13.920445,14.745131,20.35519,18.754202,21.965637,18.243298,13.985837,17.652964,18.784935,13.770601,10.261293,11.702722,10.906933,13.605249,17.488775,16.197319,17.043625,21.25529,23.745579,22.794256,21.364779,23.686108,24.432787,19.38923,18.110546,21.535398,21.439215,16.126144,16.443052,13.381559,15.144192,12.385086,8.622384,9.443373,5.6032295,4.8109393,7.4091253,4.341248,0.0,4.0831823,6.632559,8.475289,10.767489,13.001958,15.884668,19.74231,22.714968,25.283712,28.09163,28.69721,28.702692,28.206766,25.12812,24.828413,24.30693,21.279533
84,25.01648,20.71128,21.599615,17.068102,15.32663,19.056429,13.719556,18.80526,17.71561,21.361492,23.148533,25.409676,26.641739,26.619844,22.166342,18.217506,17.614803,12.919477,16.960825,11.22711,13.8255,15.425651,14.359094,11.549345,13.156067,15.443119,12.326265,16.223005,15.190563,19.478073,17.678745,23.423042,26.490688,26.631153,21.266668,20.526897,22.715403,21.088919,16.598038,17.512403,19.951696,14.179972,12.650398,16.419895,16.978765,10.063648,10.843432,16.554588,15.295361,18.296968,14.694933,10.91314,14.964549,15.834601,11.229894,8.13798,8.299879,8.685041,12.000819,14.549302,13.139556,15.116572,19.415556,21.46427,19.89733,18.666792,21.755894,22.54903,17.354446,16.899668,20.596092,20.26365,15.004444,16.649986,12.803666,15.80241,13.714142,9.473924,12.1738205,7.496727,8.328147,10.374536,7.6578646,4.0831823,0.0,5.9472456,5.5101795,9.681117,12.0871105,15.526898,19.005566,21.679207,23.862123,26.179964,26.339184,25.972538,25.116545,22.1115,21.332436,21.069965,17.706362
85,20.301384,16.027206,16.798876,13.054243,10.933923,15.462148,10.907186,16.364468,16.83082,20.17776,22.939014,25.099602,27.196466,27.333735,21.96152,18.574049,16.705593,12.159859,13.912774,7.926296,8.713903,10.075903,9.133052,8.158916,10.689761,13.273512,12.401658,16.472067,16.567911,20.959791,19.769756,25.907785,28.098587,29.33305,24.046392,22.266346,24.68823,24.288475,19.31222,19.119974,22.447134,17.87378,14.935397,18.010677,19.967108,13.593343,11.971242,18.041225,17.908607,21.260414,18.84296,13.863433,19.22076,20.638468,16.53114,14.004424,13.363255,14.148754,17.925093,19.877516,17.85743,20.597492,24.787542,26.877808,24.68443,22.997917,26.342377,26.488035,21.116163,21.629692,24.528156,23.28514,18.39161,20.225143,17.28675,20.199385,17.350468,13.717041,15.666474,12.086753,11.12878,12.508045,8.016436,6.632559,5.9472456,0.0,6.869656,7.0086513,10.998959,13.684949,16.895647,19.09457,20.982738,23.663816,23.970373,23.899784,23.398771,19.712475,19.919712,18.702133,16.395432
86,25.02074,20.934769,20.438152,16.235075,13.603219,16.268244,10.404805,14.310745,13.0424385,16.193378,18.091307,20.091702,21.51258,21.425552,16.706707,12.959514,12.12916,7.594404,12.129256,7.146664,11.109171,13.208287,13.946617,9.2772045,9.642515,10.8991165,7.3716335,11.109477,10.170342,14.688927,13.174729,19.149845,21.840878,22.737123,17.435257,16.14273,18.903156,18.144545,13.261083,13.759488,17.355137,12.6034775,9.950622,14.296359,16.026638,10.482784,9.891954,16.17555,16.427603,18.668152,15.369112,13.322176,17.617086,17.620436,13.925487,10.946361,8.56295,9.165908,14.083527,15.209897,11.724527,15.156152,19.051725,21.143833,18.43262,16.357162,19.929703,19.913452,14.527924,15.903756,18.680128,17.257774,12.564657,15.7377825,12.360022,16.48082,14.531378,10.898533,15.201305,11.721299,12.991011,15.630129,12.236908,8.475289,5.5101795,6.869656,0.0,5.992007,7.8024755,11.528342,14.451987,16.86412,18.854708,20.906195,21.040644,20.734331,20.078667,17.549955,17.161825,17.622583,14.826083
87,23.573982,19.726494,18.666504,15.77856,12.372177,15.263086,10.18912,13.234807,13.763594,15.709112,18.690784,19.990582,22.259247,21.86503,16.038605,13.859575,11.124277,7.840622,8.748605,4.2046804,6.780173,7.9135795,9.465274,4.0067058,4.380466,6.2985125,6.4051723,10.22134,11.602399,15.402917,15.913349,21.424677,23.77222,25.810625,20.85111,18.872465,22.171415,22.47871,17.499037,17.204266,21.699478,17.98844,14.596609,18.427595,21.141684,16.03314,14.108489,20.486826,21.436687,23.861055,21.12441,18.325663,23.239754,23.536413,19.765535,16.579657,14.532148,14.532057,19.595507,21.13629,17.070534,20.28002,23.903364,26.380537,23.478863,20.717873,23.820063,22.980902,17.75446,19.669067,21.215948,18.87225,14.884986,17.570124,15.730416,19.21317,16.412266,13.77185,17.208138,15.103842,15.185085,17.908564,13.524719,10.767489,9.681117,7.0086513,5.992007,0.0,4.436164,7.0130177,9.972983,12.323191,14.573185,17.462078,18.33695,18.834156,19.103321,16.41279,17.642662,17.609934,16.353874
88,27.75009,24.018238,22.565495,19.838469,16.297922,18.374897,13.2415905,14.695169,14.571114,15.467981,18.012564,18.545279,20.445068,19.388153,13.701372,12.598781,9.932636,8.285242,9.539323,7.4703465,10.369392,10.879655,12.46546,5.815975,3.307702,3.906277,3.2739568,6.696496,9.216443,12.022924,14.279629,18.74921,21.894653,23.977373,19.321554,17.847383,21.654198,21.837147,17.255295,17.455149,22.165592,18.574524,15.670598,20.023409,22.512352,17.987034,16.745144,22.969328,23.950306,25.845562,22.590755,21.093405,25.317081,24.934435,21.224617,17.604502,15.336638,14.427671,19.779652,21.492462,16.470234,19.27919,22.386284,25.208643,22.293554,18.903997,21.372915,19.994295,15.088561,17.453213,18.04517,15.216672,11.921352,14.781009,13.895587,17.373545,14.819663,13.12131,17.179888,16.132822,16.8771,20.256496,16.300127,13.001958,12.0871105,10.998959,7.8024755,4.436164,0.0,3.799166,7.038934,10.139287,13.078276,16.013079,17.433262,18.326984,19.078873,17.514097,18.943213,19.879404,18.818975
89,29.006914,25.524757,23.773355,21.801367,18.097197,19.966309,15.515899,16.089437,16.662355,16.614918,19.436672,19.31593,21.483295,20.087652,14.181223,14.460005,11.141659,10.896011,10.064724,9.661142,11.266295,10.760377,12.588267,6.5256214,3.1688366,2.6903734,6.184495,7.8010497,11.528123,13.189675,16.74729,20.439678,23.487154,26.073074,21.814617,20.219799,24.217188,24.808134,20.39194,20.376286,25.329191,22.158457,19.14053,23.314392,26.071577,21.7357,20.20881,26.401054,27.602093,29.495749,26.35476,24.752392,29.095242,28.728224,24.982094,21.253267,19.104328,17.965057,23.273418,25.165497,19.929363,22.497025,25.33002,28.3302,25.41293,21.732393,23.746084,21.903591,17.447014,19.963436,19.699835,16.440718,14.046416,16.352272,16.512674,19.436989,16.687338,15.770997,19.2875,19.050268,19.425604,22.840498,18.739828,15.884668,15.526898,13.684949,11.528342,7.0130177,3.799166,0.0,4.081319,7.6043043,11.105899,14.62307,16.781172,18.328037,19.768887,18.556686,20.766857,21.657265,21.334692
90,30.048084,26.939365,24.447815,23.036108,19.226578,20.123587,16.384987,15.391677,16.31406,15.106791,18.014484,17.237772,19.697378,18.188128,12.190494,13.833243,10.100325,11.61059,9.305739,11.306817,12.644819,12.256662,15.211748,9.926098,6.6893907,3.7217803,8.230359,7.894455,12.090719,12.865563,16.98749,20.079208,22.375492,25.674952,21.970963,19.993017,24.07518,25.409342,21.248041,20.803997,26.035677,23.841888,20.586567,24.391153,27.592953,24.088675,22.10694,27.985407,29.772207,31.34328,28.57493,27.435024,31.85491,31.295313,27.963655,24.481846,21.806427,20.972572,26.392694,27.619656,22.037312,25.050167,27.536812,30.350218,26.982914,23.120775,25.228823,22.909966,18.911146,22.295135,21.405407,17.563496,16.234776,19.076536,19.498987,22.645182,20.213568,19.47622,23.252005,22.958452,23.446524,26.79751,22.595469,19.74231,19.005566,16.895647,14.451987,9.972983,7.038934,4.081319,0.0,3.7266233,7.4686866,11.044769,13.680117,15.704831,17.735449,17.255545,20.072311,21.312016,21.773308
91,29.782288,27.082283,23.967537,23.165895,19.380762,19.437292,16.624825,14.399091,15.939718,13.861117,17.020826,15.881956,18.818058,17.552273,11.547527,14.000691,9.965268,12.54151,8.695978,12.516003,13.339507,13.134176,16.98516,12.5616665,9.655083,6.3674607,10.926511,9.883007,13.745062,14.283403,18.039814,20.995071,22.192602,26.144083,22.86439,20.350935,24.285934,26.369198,22.33747,21.33515,26.715372,25.409609,21.833616,25.091734,28.75426,25.883177,23.34214,28.8752,31.192595,32.599987,30.345865,29.280329,33.921276,33.38375,30.407347,27.244432,24.196926,23.826366,29.290775,29.915493,24.315077,27.82434,30.207432,32.75401,28.996891,25.19501,27.622974,25.123514,21.347301,25.270428,24.260721,20.173779,19.28534,22.525446,22.798847,26.182354,23.864584,22.964264,26.84262,26.240488,26.659584,29.81246,25.434631,22.714968,21.679207,19.09457,16.86412,12.323191,10.139287,7.6043043,3.7266233,0.0,3.8576274,7.70094,10.719417,13.183632,15.721684,15.643325,19.067957,20.33136,21.593903
92,29.134632,26.863493,23.136969,22.842558,19.20734,18.284687,16.492575,13.030127,15.125523,12.290123,15.641851,14.337115,17.76047,16.986546,11.23752,14.031591,10.028152,13.3051195,8.468289,13.675654,14.210646,14.471118,19.034773,15.284555,12.696906,9.330727,13.469741,12.101966,15.30313,15.893565,18.807278,21.807981,21.742802,26.244883,23.359907,20.29239,23.922636,26.73977,22.866537,21.28234,26.681904,26.306847,22.458755,25.057158,29.13611,26.978733,23.915964,28.96194,31.80597,33.01382,31.347507,30.396362,35.20158,34.696495,32.149635,29.391552,25.97379,26.141903,31.594534,31.532808,26.043686,30.086685,32.4167,34.617603,30.476536,26.860239,29.72445,27.18939,23.54336,27.925425,27.018944,22.825361,22.127405,25.8333,25.750309,29.460894,27.280838,26.07796,30.14137,29.075089,29.494268,32.41771,27.926525,25.283712,23.862123,20.982738,18.854708,14.573185,13.078276,11.105899,7.4686866,3.8576274,0.0,4.269549,7.4286084,10.241942,13.196978,13.516908,17.440369,18.720472,20.75657
93,30.500187,28.517565,24.315344,24.050499,20.65048,18.626623,17.43578,12.634185,14.391494,10.499007,13.357677,11.523841,15.1313715,14.738946,9.900555,13.326565,10.105423,14.292028,10.091418,15.911296,16.9394,17.842691,22.688519,18.827032,16.214231,12.620478,15.661886,13.573637,15.96508,16.158886,18.39806,20.906843,19.603909,24.586332,22.383621,19.021765,22.327335,25.800499,22.434525,20.495333,25.743149,26.43972,22.653997,24.682095,28.931173,27.824171,24.629335,28.992762,32.292496,33.019936,31.783684,31.547531,36.141975,35.386536,33.418667,31.060143,27.206633,27.755148,33.11776,32.25123,26.757992,31.205502,33.23334,35.040062,30.52941,27.070478,30.206402,27.56416,24.333736,29.281853,28.291138,23.991583,23.806856,28.071281,27.736538,31.800283,30.010489,28.666666,33.155125,31.733315,32.470287,35.34661,30.948124,28.09163,26.179964,23.663816,20.906195,17.462078,16.013079,14.62307,11.044769,7.70094,4.269549,0.0,3.7802696,6.9831805,10.415829,12.1132765,16.007341,17.930447,20.408358
94,29.402384,27.618298,23.138277,22.782967,19.685658,16.809746,16.21307,10.576679,12.246975,7.967274,10.745964,9.314952,13.294596,13.795601,9.587433,12.2109785,9.675023,13.798151,10.130475,16.045189,17.365118,18.950447,24.029097,20.316364,17.95934,14.453867,16.670137,14.687373,16.097786,16.765068,17.560947,20.447514,17.964506,23.127272,21.12972,17.310804,20.118214,24.114662,20.945778,18.531576,23.57122,25.085754,21.219433,22.565649,27.019733,26.673191,23.214993,26.937208,30.609959,31.06774,30.372677,30.414526,34.95202,34.18911,32.719566,30.848705,26.70844,27.809435,33.00526,31.427465,26.257967,31.16214,33.187,34.570175,29.788574,26.706617,30.36154,27.94865,24.70697,29.87453,29.310278,25.169767,24.811974,29.5174,28.597258,33.012543,31.426666,29.669168,34.39214,32.39266,33.268612,35.918526,31.592089,28.69721,26.339184,23.970373,21.040644,18.33695,17.433262,16.781172,13.680117,10.719417,7.4286084,3.7802696,0.0,3.295965,6.872127,9.262859,13.0442915,15.259409,18.054825
95,28.628948,26.909225,22.358477,21.69437,18.900522,15.420371,15.103498,8.997317,10.201079,5.7847443,8.301608,7.6218433,11.743073,13.080922,9.572543,11.088922,9.438015,13.207557,10.542592,16.067375,17.786491,19.932245,25.024055,21.32475,19.183176,15.836939,17.196169,15.368584,15.87033,16.977085,16.438234,19.692959,16.33276,21.474018,19.58369,15.436955,17.75442,22.110214,19.13681,16.364952,21.151325,23.324974,19.478233,20.244644,24.791962,25.120186,21.555717,24.680153,28.608492,28.802399,28.52564,28.891582,33.282734,32.481888,31.454742,30.015062,25.672295,27.220198,32.20528,30.032078,25.199446,30.4289,32.438698,33.4509,28.494911,25.784306,29.855026,27.702208,24.455362,29.716131,29.559595,25.635244,25.091234,30.113256,28.686563,33.360645,31.986025,29.897665,34.803646,32.333782,33.373356,35.839966,31.656504,28.702692,25.972538,23.899784,20.734331,18.834156,18.326984,18.328037,15.704831,13.183632,10.241942,6.9831805,3.295965,0.0,3.635278,7.0253186,10.296152,12.973492,15.800171
96,27.544706,25.832495,21.362152,20.238588,17.834522,13.872078,13.7449875,7.584379,7.9930634,4.252504,6.2285175,7.189949,11.021755,13.219039,10.423064,10.270113,9.685918,12.585275,11.2281065,15.92742,18.043537,20.726162,25.69422,22.07092,20.231169,17.18412,17.644453,16.172264,15.706938,17.420834,15.345205,19.174063,15.117292,19.965715,18.02159,13.564479,15.230889,19.860134,17.030071,13.858421,18.294643,21.095795,17.28606,17.361864,21.990046,22.993818,19.34292,21.784517,25.945646,25.89293,26.079395,26.72439,30.94702,30.153439,29.587406,28.638468,24.15347,26.197464,30.890154,28.12413,23.776716,29.303963,31.354198,31.971987,26.904154,24.66771,29.182413,27.404976,24.083912,29.286404,29.663815,26.064745,25.190493,30.444178,28.4469,33.33744,32.16264,29.705683,34.722935,31.745855,32.929806,35.159306,31.175465,28.206766,25.116545,23.398771,20.078667,19.103321,19.078873,19.768887,17.735449,15.721684,13.196978,10.415829,6.872127,3.635278,0.0,5.0999207,7.125314,10.42035,13.062594
97,22.501322,20.739498,16.314415,15.195372,12.9059105,8.781547,9.388058,3.3690555,6.237199,5.710857,9.141993,11.302686,14.961872,16.987219,12.951951,11.247948,9.781179,10.7284355,8.780079,12.638669,14.169005,17.177526,22.09837,19.382751,18.239075,15.872192,16.623272,16.394043,15.971553,18.887121,16.29763,21.49514,18.369371,22.5287,19.567894,15.050729,16.619663,20.643261,16.932142,13.55239,18.028734,19.943527,15.574546,15.429388,20.37838,20.442774,16.120842,18.908472,23.033258,23.667177,24.117762,23.460964,28.309055,28.158258,27.284199,26.456448,22.27722,24.666702,29.293255,26.867,23.097507,28.674566,31.330019,32.046703,27.235594,25.252087,30.030891,28.68956,24.636543,29.206648,30.28101,26.985546,25.101194,30.050182,27.6282,32.43465,30.867786,27.976225,32.555336,29.191858,29.932219,31.749123,27.648882,25.12812,22.1115,19.712475,17.549955,16.41279,17.514097,18.556686,17.255545,15.643325,13.516908,12.1132765,9.262859,7.0253186,5.0999207,0.0,4.707487,6.018261,9.258982
98,23.14155,21.218054,17.348738,15.121199,13.534815,9.411345,9.408912,5.474072,4.8178415,6.7400246,8.271799,11.687993,14.415575,17.010206,14.095119,10.869083,11.120336,10.989516,11.683235,13.8761015,16.256723,19.707613,24.102491,21.143864,20.221983,18.190805,17.51673,17.46848,15.821259,19.114454,14.83165,20.362791,16.790161,20.216557,17.254848,12.728882,13.307067,17.344637,13.983331,10.237756,13.975796,16.719152,12.641553,11.420921,16.386566,17.601904,13.459055,15.077336,19.49731,19.628946,20.618477,20.730062,25.083447,24.78,24.62563,24.489819,20.142645,23.10578,27.208145,23.939522,20.865854,26.680729,29.241262,29.418177,24.551596,23.232609,28.415102,27.553059,23.62325,28.05242,29.69507,26.87632,24.799967,29.96975,26.925629,31.926682,30.78364,27.568647,32.33342,28.43438,29.541153,31.135653,27.49546,24.828413,21.332436,19.919712,17.161825,17.642662,18.943213,20.766857,20.072311,19.067957,17.440369,16.007341,13.0442915,10.296152,7.125314,4.707487,0.0,4.7334175,6.193214
99,18.55754,16.94892,12.926422,11.161351,10.218842,5.3577137,7.896611,6.0555835,7.933491,10.454097,12.854624,16.033588,19.031786,21.436022,17.778015,14.545945,13.827494,12.597861,12.11387,13.467655,14.640607,18.126566,22.41563,20.768198,20.53184,19.10016,19.136116,19.931128,18.732153,22.516396,18.505125,24.52051,21.437443,24.637999,21.28122,16.928707,17.435673,20.935295,17.15418,13.577144,16.879782,18.77782,14.432561,12.821926,17.805534,18.04752,13.174282,14.778933,19.143032,20.059855,21.563475,20.052603,25.092901,25.577414,25.1519,25.170748,21.312746,24.486217,28.445229,25.61041,23.171942,28.833826,31.851269,32.1362,27.582582,26.436142,31.636908,31.001333,26.640375,30.521212,32.545464,29.871422,27.16874,31.932756,28.730145,33.51584,31.955187,28.46537,32.651073,28.500246,29.01725,30.096212,26.31245,24.30693,21.069965,18.702133,17.622583,17.609934,19.879404,21.657265,21.312016,20.33136,18.720472,17.930447,15.259409,12.973492,10.42035,6.018261,4.7334175,0.0,4.8672557
100,19.307192,16.945469,14.207272,10.621306,9.985888,7.2521844,6.7467594,7.8954086,7.382188,11.6372385,13.258162,16.934166,19.188015,21.47906,18.087492,13.682554,13.844821,11.248891,13.1339245,12.570416,14.7411175,18.475084,21.961586,19.900707,19.932148,19.015795,17.769272,19.061224,17.05711,21.326662,16.390877,22.854584,20.535894,22.744104,18.880966,15.030052,15.224999,17.765697,13.827519,10.588203,13.2803135,14.497344,10.324674,8.36719,13.213541,13.379273,8.584854,10.048047,14.334242,15.321833,16.76519,15.4190645,20.259699,20.751297,20.512888,20.927544,17.14407,20.69227,24.203695,21.124578,19.351679,24.95467,28.090872,28.171759,23.873652,23.204184,28.542116,28.417206,23.951803,27.317873,29.944462,27.822197,24.67695,29.34684,25.63074,30.416075,29.126728,25.366789,29.561703,25.014143,25.825817,26.76585,23.443316,21.279533,17.706362,16.395432,14.826083,16.353874,18.818975,21.334692,21.773308,21.593903,20.75657,20.408358,18.054825,15.800171,13.062594,9.258982,6.193214,4.8672557,0.0
