,0,1,2,3,4,5,6,7,8,9,10,11,12,13,14,15,16,17,18,19,20,21,22,23,24,25,26,27,28,29,30,31,32,33,34,35,36,37,38,39,40,41,42,43,44,45,46,47,48,49,50,51,52,53,54,55,56,57,58,59,60,61,62,63,64,65,66,67,68,69,70,71,72,73,74,75,76,77,78,79,80,81,82,83,84,85,86,87,88,89,90,91,92,93,94,95,96,97,98,99
0,0.0,4.334567,6.689467,9.450856,12.5219,14.526645,17.41653,21.566992,24.17265,26.783758,30.15224,32.47264,35.897774,37.28284,31.817158,30.040861,27.241608,25.395761,22.257086,22.150608,19.019941,20.011417,14.578437,19.075314,22.044874,23.532213,27.1148,29.516947,31.26224,34.69058,34.129555,40.187084,38.923916,42.527798,38.566868,34.622444,36.485756,39.27025,34.54152,31.893478,35.97395,35.36301,30.808449,31.119255,35.47188,32.290863,27.782272,31.268772,33.825146,36.831146,37.042786,31.531136,37.859646,39.848705,36.999977,35.59987,33.73276,35.596302,39.7329,39.836052,37.345646,42.279984,45.72488,47.496113,43.88,41.811996,45.995155,44.921,39.96593,42.53383,43.95532,40.98376,38.114613,39.899845,37.86253,40.946136,37.693436,34.466187,35.430676,31.393122,30.490517,30.616608,26.226048,26.316557,28.540838,24.640545,20.42896,23.790512,24.417131,21.200157,19.544525,23.037075,21.687618,18.67864,20.354818,24.153114,22.45062,25.401241,21.844965,24.451578
1,4.334567,0.0,5.213101,6.275787,9.172185,12.505309,14.204596,19.067236,21.542797,24.161592,27.651978,29.788397,33.192436,34.28823,28.574677,26.810629,23.7955,21.788662,18.548008,18.164505,14.806181,15.682043,10.271833,14.932031,17.907614,19.528444,23.227581,25.686222,27.665361,31.022509,30.908691,36.859394,36.179684,39.648678,35.49383,31.765985,33.955875,36.441185,31.563334,29.197998,33.510353,32.383472,27.87025,28.77027,33.007145,29.369476,25.085331,29.24308,31.58552,34.635468,34.28391,28.926315,35.208897,37.007473,33.847557,32.09158,30.28784,31.856485,36.14,36.598484,33.82065,38.616474,42.033867,44.00745,40.56396,38.344383,42.31383,41.237843,36.25092,38.603874,39.988914,37.10109,34.149048,35.71952,33.780632,36.732555,33.425056,30.270065,31.187838,27.246256,26.41158,26.792955,22.2574,22.232292,24.677896,21.176466,16.49299,20.017714,21.069519,17.968695,16.265673,20.081207,19.230755,16.469498,18.04157,22.150085,21.20747,24.064035,21.329563,23.561913
2,6.689467,5.213101,0.0,5.4882536,6.966407,8.3957815,11.799837,15.386417,18.561298,20.59873,24.201817,26.230534,29.837063,31.12999,25.654303,24.44513,21.4332,20.396702,16.530306,17.756922,14.761435,16.59489,11.706928,14.341303,17.667204,18.396923,22.39852,24.179037,26.112492,29.119547,28.989153,34.6334,33.25579,37.203316,33.5163,29.512903,31.727829,34.81209,30.196241,27.53768,32.107643,31.841202,27.187746,27.943268,32.556904,29.788673,25.286354,29.271933,32.250618,34.792953,34.5804,30.131422,36.39273,37.7349,34.92455,33.155422,30.67625,32.354836,36.99179,36.863174,33.519215,38.69682,41.772457,43.729256,39.879284,37.36277,41.36361,39.89158,35.200527,38.23212,39.07668,35.736202,33.446587,35.37954,33.803883,37.01644,33.733936,30.775347,32.47862,28.330738,28.169464,28.995386,24.352266,23.44347,25.680819,23.206211,17.891792,20.261932,21.811245,19.210072,16.545588,19.740303,19.612944,16.102976,16.14249,21.035217,20.194551,23.608414,21.348799,24.474928
3,9.450856,6.275787,5.4882536,0.0,3.8251235,7.419391,8.19512,13.271195,15.338458,18.249449,21.572432,23.871952,27.118866,28.310352,22.78053,20.700626,17.95997,15.958718,13.24793,13.110504,10.769628,12.850879,9.109038,10.72692,13.3336,14.583156,17.85629,20.220182,21.81589,25.314678,24.7708,30.794449,29.945463,33.394917,29.30941,25.511822,27.729282,30.326859,25.51998,23.076866,27.557936,26.741894,22.138657,23.147137,27.561604,24.406868,20.008215,24.354416,27.077423,29.734667,29.266691,24.760311,30.992075,32.324337,29.441,27.71698,25.297857,27.083015,31.602882,31.500357,28.385511,33.500534,36.72342,38.596695,34.874943,32.560383,36.676388,35.50185,30.605396,33.44704,34.713726,31.65997,28.922062,31.100357,29.0644,32.49209,29.421892,26.142176,28.063528,23.528702,23.393435,23.99256,19.510765,18.513927,20.437729,17.886663,12.760092,15.031663,16.33821,13.735457,11.103345,14.518617,14.426043,11.264621,11.975591,16.580526,16.317331,19.37805,17.810806,20.33878
4,12.5219,9.172185,6.966407,3.8251235,0.0,5.473194,5.209197,10.313599,12.878584,15.192704,18.807014,20.733688,24.156052,25.13309,19.42047,17.905413,14.779981,13.491095,9.828265,10.985074,8.629388,11.331443,8.503856,8.077852,11.076881,11.617314,15.457425,17.265776,19.223213,22.296644,22.404621,28.018356,27.3271,31.012022,27.079468,23.340929,25.96102,28.660717,23.921549,21.62105,26.498215,25.744583,21.17112,22.715714,27.168667,24.179031,20.022243,24.778784,27.609377,29.943558,29.024572,25.325438,31.342949,32.20603,29.25625,27.155626,24.423912,25.879946,30.749777,30.6916,26.884735,32.048676,34.98669,37.084755,33.307503,30.60512,34.45949,32.97745,28.272629,31.323826,32.120697,28.814838,26.49757,28.599459,27.017767,30.392847,27.245687,24.27251,26.573069,22.176725,22.559061,23.755192,19.174137,17.484705,19.543953,18.282068,12.428392,13.8629,16.122936,14.205201,10.989893,14.073024,15.148003,12.027168,11.205643,16.564798,17.147581,20.310312,19.728077,22.332596
5,14.526645,12.505309,8.3957815,7.419391,5.473194,0.0,5.9441237,7.1987133,10.596115,12.431773,15.895917,18.091742,21.629421,23.202547,18.231668,17.062195,14.57787,14.523186,11.232799,14.017622,12.969512,16.155272,13.891254,12.080049,14.595041,14.101463,17.364452,18.377737,19.66821,22.486805,21.77793,27.182108,25.122597,29.330746,26.092678,21.886251,24.118303,27.684353,23.467035,20.603046,25.414347,26.083364,21.469835,22.226011,27.068966,25.499979,21.061544,24.890865,28.482096,30.199453,29.92498,27.120872,33.008976,33.557194,31.334526,29.672018,26.280872,28.174175,33.05773,32.001694,28.075243,33.652718,36.23743,38.022133,33.713985,30.97517,35.080395,33.2981,29.00209,32.917206,33.31007,29.595781,28.022598,30.815233,29.371767,33.146927,30.27438,27.406965,30.496971,25.840263,26.730692,27.913193,23.606167,21.401525,22.786167,22.013231,16.653574,16.697136,18.6469,17.209946,13.494713,15.187195,16.448112,12.587628,9.986418,15.696786,15.880211,19.582754,19.15749,22.75466
6,17.41653,14.204596,11.799837,8.19512,5.209197,5.9441237,0.0,6.2746224,7.953002,10.5337925,13.942925,15.95508,19.16568,20.154583,14.605881,12.735402,9.892384,8.883697,6.128594,8.166306,8.123834,11.6429405,11.450099,7.340414,8.9589,8.514829,11.486618,12.914197,14.400654,17.537237,17.295797,22.894531,22.16277,25.816488,21.953167,18.210243,21.008364,23.75784,19.14894,16.902367,22.010193,21.535236,17.033443,18.897974,23.347734,20.95241,17.036554,21.884098,24.92174,26.731422,25.56061,23.040052,28.685148,28.979536,26.347633,24.258547,20.941174,22.47462,27.50499,26.92763,22.686766,28.079655,30.726639,32.751827,28.74624,25.886307,29.800528,28.184162,23.637285,27.198898,27.79738,24.320356,22.328756,25.049366,23.464314,27.246843,24.438557,21.491104,24.781034,20.041193,21.19744,22.612087,18.45644,15.819823,17.141895,17.311527,11.777367,11.097842,13.762862,12.950325,9.13848,10.928487,13.306746,10.474486,7.8347497,13.486485,15.200252,18.199846,19.090277,21.610928
7,21.566992,19.067236,15.386417,13.271195,10.313599,7.1987133,6.2746224,0.0,4.710477,5.2406917,8.911379,10.921178,14.473097,16.02655,11.420583,10.710573,8.783337,10.5296135,8.347492,12.591287,13.555723,17.113575,17.257978,12.424049,13.5572405,11.676158,13.77433,13.511669,14.25276,16.430077,15.732705,20.46992,18.207813,22.68113,19.878893,15.746924,18.411777,22.181257,18.45907,15.835987,20.963926,22.148018,17.950615,19.26932,23.88841,23.224993,19.48732,23.35278,27.04944,27.947296,27.148252,26.162615,31.313108,30.974873,29.126587,27.326744,23.318768,24.987474,30.026665,28.469582,23.77522,29.417788,31.37998,33.17806,28.660065,25.53487,29.405714,27.24071,23.480757,28.060179,27.826094,23.793324,23.099922,26.426744,25.39359,29.397705,26.95577,24.48678,28.617561,23.98293,25.824352,27.469902,23.705383,20.504646,21.17941,22.398449,17.408785,15.314119,17.843119,17.835064,13.921651,13.927522,16.811043,13.767898,8.98261,14.414978,16.256685,19.505272,21.12068,24.368189
8,24.17265,21.542797,18.561298,15.338458,12.878584,10.596115,7.953002,4.710477,0.0,4.7603426,6.5247726,9.527065,12.090922,13.894017,10.045271,7.3745365,7.2601085,8.193664,9.271678,11.854918,14.387758,17.869383,19.126616,13.636051,13.398509,11.713135,11.76452,11.749811,11.093001,13.965154,11.649062,17.074821,14.761925,18.744228,15.643017,11.363711,13.899733,17.567347,13.8572645,11.1342745,16.273678,17.676134,13.626818,14.91408,19.406975,19.305042,15.85573,19.444525,23.155735,23.692884,22.880953,22.676088,27.43087,26.813017,25.376934,23.927439,19.622091,21.643377,26.432491,24.281631,19.793972,25.585373,27.505093,28.989424,24.296137,21.416588,25.65815,23.759747,19.944973,24.805595,24.95129,21.153397,20.263647,24.327414,22.758776,27.191416,25.26021,22.543745,27.208553,22.220411,24.321175,25.657562,22.508461,19.09128,18.856766,20.542505,16.62978,13.338163,15.2803955,16.015032,12.376392,10.994879,14.355542,12.081025,6.885135,11.111541,13.882422,16.544004,19.306395,22.07033
9,26.783758,24.161592,20.59873,18.249449,15.192704,12.431773,10.5337925,5.2406917,4.7603426,0.0,4.180222,5.7008643,9.279961,10.892295,7.2162633,7.4624457,6.988489,10.49653,9.990308,14.325194,16.419233,19.825628,21.187422,15.30305,15.416404,12.831776,13.531599,11.977971,11.92907,13.096702,12.368782,16.03409,13.379308,18.171686,16.035908,12.153627,15.121331,19.023289,16.083395,13.888556,18.909378,20.631176,17.121998,18.740608,22.888529,23.107948,20.149435,23.700325,27.338171,27.53054,26.40097,26.899176,31.296354,30.26941,28.83102,27.029936,22.687424,24.11348,29.068491,27.0819,21.913544,27.421312,28.749552,30.490921,25.850416,22.449863,26.011208,23.48962,20.422813,25.552366,24.703627,20.440794,20.718977,24.449091,23.833527,27.903507,25.932579,23.914364,28.711367,24.297071,26.759165,28.650648,25.4378,21.746286,21.830702,24.350159,19.95823,16.660625,19.292616,20.216854,16.576921,15.448079,19.039875,16.76179,11.559743,15.7107525,18.393248,21.08907,23.855644,26.789412
10,30.15224,27.651978,24.201817,21.572432,18.807014,15.895917,13.942925,8.911379,6.5247726,4.180222,0.0,3.8859549,5.9875627,8.563232,7.4984236,7.053553,8.895286,12.083025,13.365136,16.803112,19.641542,22.972095,24.784937,18.702381,18.159815,15.679804,15.005789,13.253126,11.854209,12.765101,10.457587,13.597743,9.607179,14.565923,13.14652,9.224703,11.749828,16.053667,14.024545,11.88318,16.344711,19.04132,16.143536,17.327753,21.11994,22.493254,19.982388,22.712563,26.446947,25.999027,25.084858,26.676508,30.48147,29.05087,28.271805,26.9001,22.304863,23.960663,28.536982,25.781528,20.818552,26.289177,27.221424,28.551697,23.658726,20.449514,24.139202,21.621521,19.110453,24.722118,23.810844,19.655605,20.408995,24.76249,23.991995,28.300434,26.88391,24.916477,30.154648,25.655918,28.363422,30.046026,27.363634,23.55657,22.931221,25.819075,22.267855,18.275932,20.33511,21.760448,18.411976,16.306114,19.926998,18.11779,12.88979,15.634988,18.581432,20.802317,24.308365,27.087017
11,32.47264,29.788397,26.230534,23.871952,20.733688,18.091742,15.95508,10.921178,9.527065,5.7008643,3.8859549,0.0,4.119865,5.7280107,5.5207667,7.866287,9.213858,13.490604,14.040937,18.117632,20.76657,23.904675,26.055418,19.679178,19.156216,16.220514,15.809275,13.085777,12.269559,11.632249,11.262811,12.465661,9.199641,14.414508,13.668816,10.746063,13.742148,17.498474,15.914375,14.5381365,18.870083,21.111776,18.642548,20.430975,23.815224,24.933447,22.878674,25.954067,29.394556,28.865623,27.429773,29.39031,32.91302,31.19462,30.212389,28.435072,23.964054,25.0008,29.682165,27.344656,21.840658,26.886425,27.358559,29.014118,24.400892,20.751959,23.652899,20.66118,18.795969,24.352957,22.636042,18.22063,19.890419,23.800867,23.826921,27.721706,26.318493,24.956846,30.206896,26.256498,29.221268,31.339092,28.685034,24.705307,24.325918,27.913313,24.078499,20.077934,22.693193,24.29448,21.000902,19.180367,23.091259,21.422277,16.269955,19.245779,22.359154,24.520687,28.07045,30.72221
12,35.897774,33.192436,29.837063,27.118866,24.156052,21.629421,19.16568,14.473097,12.090922,9.279961,5.9875627,4.119865,0.0,3.5819697,7.469403,8.804516,11.586056,15.270967,17.136492,20.380867,23.61065,26.61666,29.257524,22.691336,21.587173,18.806229,17.270226,14.4938755,12.611024,11.536887,10.039781,9.768906,5.3484054,10.66806,11.000845,8.91168,11.444053,14.957421,14.5164995,13.6920395,17.17328,19.902136,18.266615,19.894775,22.628986,24.574497,23.15681,25.624685,28.897032,27.811546,26.352596,29.36116,32.18417,30.03658,29.589859,28.123146,23.581575,24.63527,28.869648,25.99892,20.694263,25.43678,25.410177,26.72062,22.047907,18.560148,21.313995,18.31291,17.229582,23.069595,21.229212,17.070353,19.271856,23.624813,23.575668,27.553381,26.739796,25.519442,31.080017,27.195492,30.36857,32.32924,30.22195,26.181908,25.210247,29.215105,26.142447,21.628567,23.81305,25.864803,22.917242,20.442545,24.37397,23.235992,18.288122,20.140255,23.515854,25.139265,29.30338,31.620975
13,37.28284,34.28823,31.12999,28.310352,25.13309,23.202547,20.154583,16.02655,13.894017,10.892295,8.563232,5.7280107,3.5819697,0.0,6.3706245,9.010882,11.363096,15.332572,17.04864,20.260077,23.481113,26.196814,29.341852,22.559984,21.229528,18.274584,16.646292,13.274794,11.824774,9.423546,10.012599,7.950857,6.528168,10.836667,11.030909,10.136837,13.285687,15.725009,15.253629,15.219408,18.754658,20.469915,19.173876,21.564793,23.898457,25.200882,24.262184,27.274479,30.107353,29.132582,27.005964,30.164473,32.733063,30.392508,29.593752,27.690315,23.387924,23.800016,28.09155,25.829079,20.059727,24.30541,23.964525,25.690245,21.456999,17.55277,19.499214,16.14527,15.493012,21.073769,18.624134,14.327543,17.204165,21.12172,21.691715,25.270632,24.535376,23.822905,29.339666,25.973251,29.338123,31.626642,29.66965,25.542433,24.718115,29.36112,26.23762,21.701393,24.304544,26.558891,23.795828,21.57071,25.772131,24.927177,20.198635,22.21893,25.898045,27.389866,31.64516,33.64069
14,31.817158,28.574677,25.654303,22.78053,19.42047,18.231668,14.605881,11.420583,10.045271,7.2162633,7.4984236,5.5207667,7.469403,6.3706245,0.0,5.486408,5.5120263,10.237022,10.805356,14.547664,17.330318,20.05433,23.098064,16.321337,15.284873,12.14403,11.597969,8.145652,8.405598,6.9572186,9.560886,10.803106,11.138438,15.190792,13.0737095,11.049147,15.091427,17.456575,15.014791,14.559772,19.332447,19.714785,17.326443,20.391203,23.39573,23.077593,21.526114,25.707296,28.45377,28.397686,25.97808,27.605494,31.063889,29.343742,27.584362,25.106462,21.010773,21.268772,26.240337,24.984589,18.891632,23.574144,24.197327,26.505753,22.459703,18.3638,20.73495,17.711573,15.30492,20.268984,18.445473,13.928762,15.3276,18.678411,19.076172,22.654522,21.026459,19.940344,25.06729,21.536264,24.648998,27.164015,24.581463,20.49755,20.436947,24.762798,20.802914,16.81404,20.122227,21.95562,18.98857,17.68492,22.000854,20.897284,16.380533,19.585825,23.235432,25.134378,28.750721,30.743847
15,30.040861,26.810629,24.44513,20.700626,17.905413,17.062195,12.735402,10.710573,7.3745365,7.4624457,7.053553,7.866287,8.804516,9.010882,5.486408,0.0,4.4115105,6.589684,10.17402,11.891069,15.70114,18.529598,21.774153,15.109014,13.285624,10.987841,8.637435,6.864303,4.813162,6.8646917,5.4950123,10.206212,10.44605,13.611759,10.0197115,7.1767035,11.28444,13.440734,10.086761,9.4046755,14.465041,14.58836,11.882059,14.995316,18.074825,17.762634,16.138163,20.248661,22.980576,22.994162,20.731789,22.28492,25.819767,24.259422,22.694252,20.662403,16.286282,17.310785,22.151678,20.341295,14.720572,20.049906,21.305332,23.201267,18.805882,15.20992,18.78769,16.573206,13.054671,18.21411,17.797764,13.901126,13.665526,18.073448,16.987463,21.374537,20.019985,17.943748,23.324907,18.908747,21.851786,23.716305,21.446377,17.445778,16.60517,20.567959,17.491476,12.875414,15.433947,17.555132,14.842269,12.774676,17.119757,16.54107,12.429148,14.672676,18.677814,20.139177,24.152937,25.736261
16,27.241608,23.7955,21.4332,17.95997,14.779981,14.57787,9.892384,8.783337,7.2601085,6.988489,8.895286,9.213858,11.586056,11.363096,5.5120263,4.4115105,0.0,5.0735216,6.03642,9.148345,12.159291,15.042004,18.112988,11.316419,10.082248,7.2317405,7.025942,5.0460234,6.3029156,7.925404,9.539437,13.600617,14.386825,17.82702,14.241221,11.558714,15.567382,17.640976,13.7990675,12.962611,18.25932,17.599674,14.358309,17.726305,21.123587,19.591135,17.515223,22.43706,25.03942,25.709295,23.269024,23.589132,27.7197,26.6029,24.28074,21.673344,17.75378,18.304054,23.560226,22.790857,17.033667,22.127445,23.711046,26.088646,22.128073,18.389847,21.492573,19.206608,15.391206,19.714813,19.152851,15.14599,14.539405,17.832542,17.213675,21.110065,18.98,16.997232,21.804039,17.63127,20.344809,22.635838,19.662989,15.704049,15.950442,19.642443,15.372164,11.634291,15.185645,16.702263,13.685841,12.976056,17.25811,16.202868,12.283995,15.950783,19.580109,21.533981,24.730658,26.479538
17,25.395761,21.788662,20.396702,15.958718,13.491095,14.523186,8.883697,10.5296135,8.193664,10.49653,12.083025,13.490604,15.270967,15.332572,10.237022,6.589684,5.0735216,0.0,6.426825,5.4345045,9.726732,12.404658,15.937235,9.5586,7.127993,5.949244,3.6301777,5.481927,5.8868675,9.894843,9.802289,15.451469,16.823946,19.24896,14.662316,12.099174,15.638561,16.891779,12.143489,11.413494,16.550812,14.619291,10.950266,14.724224,18.016523,15.317125,13.130858,18.693312,20.871521,22.10636,19.510588,18.911821,23.365044,22.690002,19.985485,17.42248,13.688329,14.652625,19.893394,19.412514,14.298376,19.57062,21.95771,24.196358,20.43702,17.296827,20.989412,19.56126,14.813825,18.400116,19.1929,16.03022,13.670142,17.147861,15.217881,19.497225,17.38588,14.422931,19.036636,14.087525,16.435774,18.197393,15.315158,11.482499,11.365248,14.649511,10.936369,6.6699586,10.136235,11.813937,9.207585,8.578567,12.9108,12.639953,10.083495,12.990945,16.814102,18.289463,21.478487,22.53387
18,22.257086,18.548008,16.530306,13.24793,9.828265,11.232799,6.128594,8.347492,9.271678,9.990308,13.365136,14.040937,17.136492,17.04864,10.805356,10.17402,6.03642,6.426825,0.0,6.1194167,6.900036,10.041516,12.306203,5.673225,6.1851754,3.5694118,7.7915792,7.9454308,10.8823595,12.92308,14.994618,19.454378,20.297731,23.760918,19.86547,16.988659,20.67931,22.711868,18.246773,17.05227,22.401796,21.025457,17.167864,20.390108,24.145947,21.291567,18.533745,24.090256,26.521734,28.070002,25.746016,24.2471,29.18827,28.851955,25.783087,22.857126,19.647388,20.072165,25.458897,25.669495,20.402357,25.29248,27.512943,30.124134,26.548815,23.063461,26.11084,24.14697,19.846739,23.100739,23.01596,19.396143,17.82379,19.89487,19.195011,22.525288,19.555012,17.302153,20.8551,16.810444,18.686132,21.067007,17.124851,13.738805,15.411871,17.754112,12.050278,10.379624,14.495407,14.814619,11.628207,12.949764,16.505865,14.90499,12.04224,16.886469,19.726873,22.1284,24.054586,25.88724
19,22.150608,18.164505,17.756922,13.110504,10.985074,14.017622,8.166306,12.591287,11.854918,14.325194,16.803112,18.117632,20.380867,20.260077,14.547664,11.891069,9.148345,5.4345045,6.1194167,0.0,4.7911835,7.105976,11.020689,5.2922406,2.1642842,3.9889317,5.1924486,8.427352,10.517602,13.970459,15.014788,20.389345,22.23471,24.5599,19.796814,17.4412,20.78097,21.68887,16.694021,16.023104,20.848759,17.941044,14.1947365,17.87692,21.059895,16.787834,14.394533,20.589323,22.187737,24.325373,21.593143,19.173502,24.17465,24.251808,20.649954,17.610525,15.013429,15.485677,20.674213,21.540104,17.054943,21.667707,24.594433,27.125671,24.027315,21.153475,24.471844,23.379383,18.362822,20.606312,21.841333,19.18365,15.987136,18.052021,16.061993,19.591759,16.748842,13.507989,16.707237,11.885569,13.29907,15.189344,11.324976,8.002251,9.672662,11.720711,6.4022775,4.6853175,9.12592,9.574059,7.4379086,9.42828,12.705778,12.483717,11.703256,15.090497,18.166739,19.731554,21.777466,22.475441
20,19.019941,14.806181,14.761435,10.769628,8.629388,12.969512,8.123834,13.555723,14.387758,16.419233,19.641542,20.76657,23.61065,23.481113,17.330318,15.70114,12.159291,9.726732,6.900036,4.7911835,0.0,3.5822432,6.456611,1.679592,3.4338942,5.560529,9.580634,11.968636,14.872581,17.675962,19.474512,24.533472,26.137104,28.902409,24.33404,21.761414,25.118673,26.371597,21.387474,20.428793,25.334026,22.60516,18.718903,22.001514,25.421232,20.9072,18.162867,24.252512,25.869225,28.364256,25.875484,22.557402,27.889538,28.38045,24.506594,21.360954,19.323658,19.546062,24.593014,25.98474,21.683092,25.99854,28.969667,31.66943,28.755165,25.825022,28.868134,27.635954,22.750246,24.616098,25.588186,22.872738,19.883886,20.993864,19.573965,22.357397,18.988888,16.16718,18.059795,14.110643,14.670224,16.719383,12.080343,9.916701,12.897298,13.485647,6.974307,8.596289,12.443753,11.604803,9.56466,12.875574,15.19496,14.237808,13.9160185,18.12725,20.390057,22.412138,23.355507,24.356482
21,20.011417,15.682043,16.59489,12.850879,11.331443,16.155272,11.6429405,17.113575,17.869383,19.825628,22.972095,23.904675,26.61666,26.196814,20.05433,18.529598,15.042004,12.404658,10.041516,7.105976,3.5822432,0.0,5.924153,4.795028,5.316833,7.9260216,11.351974,13.8820915,16.99465,19.563656,21.886839,26.673927,28.957798,31.390358,26.657654,24.486435,27.886286,28.643513,23.635975,23.063236,27.746351,24.306053,20.750315,24.28846,27.291977,22.069899,19.814152,26.082691,27.122238,29.900417,27.048338,23.303701,28.423542,29.096508,24.77578,21.312159,20.0358,19.712593,24.51009,26.758898,22.707094,26.404978,29.507631,32.408115,30.013689,27.191914,29.848963,28.849426,23.938225,24.957113,26.145266,23.886656,20.518892,20.779026,19.434336,21.563604,17.993,15.329739,16.080322,12.845719,12.75227,14.986336,10.201341,8.915793,12.678515,13.0414095,6.9892263,9.943084,13.543583,12.582523,11.580273,15.148403,17.080257,16.689915,17.096188,20.839705,23.056234,24.76541,25.527353,25.998297
22,14.578437,10.271833,11.706928,9.109038,8.503856,13.891254,11.450099,17.257978,19.126616,21.187422,24.784937,26.055418,29.257524,29.341852,23.098064,21.774153,18.112988,15.937235,12.306203,11.020689,6.456611,5.924153,0.0,6.9173036,9.780804,11.795199,15.995316,18.351618,21.297295,24.040855,25.739021,30.92272,32.112843,35.116333,30.591345,27.748472,30.856873,32.36044,27.299269,25.995447,30.751078,28.134924,24.081472,26.745567,30.337225,25.536537,22.390795,28.124786,29.665459,32.650684,30.643333,26.099293,31.804218,32.949223,28.911469,25.977955,24.55278,24.883253,29.54546,31.278614,27.588333,31.699623,34.91424,37.570057,34.800583,32.091698,35.161755,34.034706,29.11104,30.608208,31.72616,29.147223,26.054264,26.594683,25.238428,27.487709,23.89706,21.225515,21.7145,18.514013,17.925264,19.450743,14.560015,14.115503,17.559029,16.07209,10.033625,13.852882,16.604095,14.506564,13.064422,17.220142,18.163187,16.722878,17.494127,21.8442,22.983307,25.260267,24.728542,25.855206
23,19.075314,14.932031,14.341303,10.72692,8.077852,12.080049,7.340414,12.424049,13.636051,15.30305,18.702381,19.679178,22.691336,22.559984,16.321337,15.109014,11.316419,9.5586,5.673225,5.2922406,1.679592,4.795028,6.9173036,0.0,4.0080833,4.9641395,9.711508,11.564619,14.668516,17.198282,19.23292,24.101011,25.498878,28.515867,24.132378,21.44655,24.899605,26.405073,21.517324,20.448969,25.50892,23.122728,19.18109,22.416607,25.989807,21.822409,18.986343,24.974344,26.821133,29.146742,26.726156,23.711443,29.028631,29.374628,25.63726,22.498085,20.224894,20.446218,25.608437,26.80599,22.24371,26.678932,29.478085,32.209324,29.154963,26.05359,29.04735,27.598574,22.85866,24.9992,25.649738,22.690472,20.067888,21.223278,20.10601,22.898043,19.498264,16.901905,19.023676,15.203279,16.016096,18.225546,13.647843,11.266976,14.117783,15.021437,8.539542,9.57609,13.559071,12.844901,10.426736,13.476295,16.008747,14.713711,13.81191,18.3959,20.662987,22.89553,23.877392,25.181854
24,22.044874,17.907614,17.667204,13.3336,11.076881,14.595041,8.9589,13.5572405,13.398509,15.416404,18.159815,19.156216,21.587173,21.229528,15.284873,13.285624,10.082248,7.127993,6.1851754,2.1642842,3.4338942,5.316833,9.780804,4.0080833,0.0,3.4605467,6.2658086,8.980086,11.782494,14.685251,16.593056,21.537817,23.690384,26.089745,21.395777,19.19695,22.689661,23.53062,18.599117,18.069273,22.91418,19.831062,16.237207,20.017958,23.100811,18.584692,16.37096,22.634077,24.061733,26.30191,23.396538,20.813684,25.746592,25.86455,22.01163,18.687931,16.454885,16.46257,21.659304,23.037247,18.43816,22.71526,25.587496,28.34528,25.49367,22.487268,25.443674,24.26632,19.345476,21.213873,22.245134,19.621063,16.488148,17.87704,16.301926,19.360666,16.197706,13.245391,15.914671,11.60311,12.853778,15.140356,10.989937,7.8690248,10.377704,12.456112,6.6886897,6.299584,10.758895,10.935213,9.085497,11.497197,14.534888,14.225028,13.542043,17.169424,20.09042,21.73507,23.515663,24.197649
25,23.532213,19.528444,18.396923,14.583156,11.617314,14.101463,8.514829,11.676158,11.713135,12.831776,15.679804,16.220514,18.806229,18.274584,12.14403,10.987841,7.2317405,5.949244,3.5694118,3.9889317,5.560529,7.9260216,11.795199,4.9641395,3.4605467,0.0,5.552446,6.6203556,10.064732,12.259237,14.934675,19.322437,21.340698,24.130901,19.803894,17.556618,21.354313,22.554323,17.911932,17.358461,22.486198,20.03565,16.51578,20.355104,23.584118,19.875788,17.71608,23.736511,25.544409,27.313848,24.409708,22.766708,27.45938,27.130949,23.618196,20.294958,17.539536,17.436068,22.835413,23.783247,18.523985,22.978323,25.376925,28.224567,25.1194,21.690268,24.44848,22.784689,18.220995,20.719084,20.98946,17.8218,15.551422,17.141806,16.281914,19.401285,16.29771,13.930703,17.295149,13.342908,15.26501,17.885786,14.067403,10.546561,12.522458,15.49037,10.0119,8.358226,12.91476,13.547824,11.105951,12.661051,16.27393,15.53362,13.602696,17.674433,20.831469,22.72887,24.876856,26.016268
26,27.1148,23.227581,22.39852,17.85629,15.457425,17.364452,11.486618,13.77433,11.76452,13.531599,15.005789,15.809275,17.270226,16.646292,11.597969,8.637435,7.025942,3.6301777,7.7915792,5.1924486,9.580634,11.351974,15.995316,9.711508,6.2658086,5.552446,0.0,4.2375536,5.7695103,9.227601,10.772867,15.598965,18.463873,20.239502,15.424418,13.871246,17.56761,17.826061,13.1595125,13.41576,18.117102,14.911489,11.971765,16.467705,18.979412,15.295101,14.0795555,20.065132,21.454521,22.871246,19.469984,18.892498,22.90044,22.113415,18.815239,15.57016,12.413739,12.36778,17.791723,18.385693,12.975118,17.588572,20.052536,22.740074,19.631918,16.367022,19.433424,18.199217,13.255046,15.899198,16.866776,14.13214,11.083956,13.939593,12.017796,16.058386,13.802398,10.8440895,15.501973,10.781309,13.454356,15.674376,13.080619,8.986778,9.080411,13.622987,10.292738,6.0932784,10.14602,12.201715,10.546983,10.411928,14.554764,15.034686,13.342913,15.70398,19.623896,20.673481,23.91548,24.34764
27,29.516947,25.686222,24.179037,20.220182,17.265776,18.377737,12.914197,13.511669,11.749811,11.977971,13.253126,13.085777,14.4938755,13.274794,8.145652,6.864303,5.0460234,5.481927,7.9454308,8.427352,11.968636,13.8820915,18.351618,11.564619,8.980086,6.6203556,4.2375536,0.0,4.4627585,5.7245765,9.623212,12.952288,16.179457,18.358906,14.174997,12.937634,17.108263,17.656096,13.71427,14.174337,18.99326,16.604467,14.141516,18.544182,21.00293,18.333467,17.364285,22.878134,24.541115,25.400623,21.960527,22.45155,26.004145,24.69549,21.781292,18.51139,15.149818,14.644737,19.99687,20.323305,14.185626,18.546968,20.176096,23.077986,19.87578,15.968329,18.370962,16.356543,12.150771,15.489495,15.120741,11.559683,10.104039,12.916436,12.400748,16.093304,13.957519,12.170437,17.163788,13.416263,16.52509,19.210024,16.783459,12.653838,12.85177,17.833975,14.246677,10.293733,14.218947,16.30541,14.248864,13.738736,18.104065,18.112173,15.344708,18.103489,22.116642,23.412064,26.898943,27.7598
28,31.26224,27.665361,26.112492,21.81589,19.223213,19.66821,14.400654,14.25276,11.093001,11.92907,11.854209,12.269559,12.611024,11.824774,8.405598,4.813162,6.3029156,5.8868675,10.8823595,10.517602,14.872581,16.99465,21.297295,14.668516,11.782494,10.064732,5.7695103,4.4627585,0.0,4.9197073,5.3744907,9.927509,13.018064,14.558618,9.9636965,8.92626,12.973421,13.199154,9.358002,10.228617,14.752602,12.674811,10.6466055,15.018031,17.147005,15.462458,14.901856,19.754623,21.513035,21.826122,18.515097,20.124937,23.195211,21.500895,19.319384,16.710255,12.688026,12.932331,17.935991,17.057692,10.949636,15.922694,17.43856,19.80899,16.045149,12.283411,15.55284,13.789341,9.388373,13.856157,14.0353565,10.690232,9.193355,13.718109,12.2052965,16.714888,15.545946,13.36977,18.942638,14.668848,17.86678,19.85719,18.15424,14.080998,12.899248,17.915903,15.6076145,10.6718855,13.409863,16.10298,14.268582,12.390362,16.833864,17.3043,14.435511,15.915433,20.263739,21.071709,25.281023,25.948925
29,34.69058,31.022509,29.119547,25.314678,22.296644,22.486805,17.537237,16.430077,13.965154,13.096702,12.765101,11.632249,11.536887,9.423546,6.9572186,6.8646917,7.925404,9.894843,12.92308,13.970459,17.675962,19.563656,24.040855,17.198282,14.685251,12.259237,9.227601,5.7245765,4.9197073,0.0,7.309068,7.683625,12.309227,13.914094,10.566109,10.741096,14.95255,15.037443,12.571747,13.8809395,17.947285,16.304476,15.101059,19.319416,21.047342,19.820307,19.715878,24.302044,25.949217,25.897112,22.331387,24.65947,27.16403,25.031597,22.943157,20.04296,16.41179,15.698649,20.439495,19.953018,13.445136,17.298378,17.741718,20.524597,17.220335,12.829592,14.518593,11.7464485,8.8293085,13.363725,11.696424,7.4025984,8.456252,12.245137,12.561888,16.188704,15.225694,14.424468,19.958994,16.868746,20.39716,22.974089,21.4133,17.293762,16.557425,22.167406,19.519678,14.98154,18.11709,20.756815,18.847551,17.254116,21.717299,21.948,18.612593,20.48439,24.770136,25.72367,29.969965,30.817137
30,34.129555,30.908691,28.989153,24.7708,22.404621,21.77793,17.295797,15.732705,11.649062,12.368782,10.457587,11.262811,10.039781,10.012599,9.560886,5.4950123,9.539437,9.802289,14.994618,15.014788,19.474512,21.886839,25.739021,19.23292,16.593056,14.934675,10.772867,9.623212,5.3744907,7.309068,0.0,6.9678636,8.619055,9.588852,4.9106746,3.9346704,7.9216285,8.395712,5.7895985,6.9726562,10.751124,10.636195,9.566105,12.868478,14.633637,15.282303,15.022248,18.292692,20.483774,19.769299,17.13393,20.383902,22.737648,20.507719,19.674952,18.173058,13.654938,14.827841,18.897247,16.193321,10.762535,15.949901,16.800106,18.207151,13.552742,10.136978,14.2570095,12.5262,9.229801,14.923056,15.05719,11.958142,11.65553,17.049395,15.306924,20.016888,19.700787,17.633549,23.396467,19.040049,22.18095,23.59037,22.410692,18.536764,16.51653,21.041553,19.619612,14.397472,15.842795,18.730528,16.915422,13.816237,17.936584,18.46457,15.159726,15.301572,19.682991,20.105577,25.018206,25.81921
31,40.187084,36.859394,34.6334,30.794449,28.018356,27.182108,22.894531,20.46992,17.074821,16.03409,13.597743,12.465661,9.768906,7.950857,10.803106,10.206212,13.600617,15.451469,19.454378,20.389345,24.533472,26.673927,30.92272,24.101011,21.537817,19.322437,15.598965,12.952288,9.927509,7.683625,6.9678636,0.0,7.344154,6.879823,5.7801514,8.431386,11.31232,10.780922,11.23319,13.185287,15.393819,15.56933,15.951145,19.04959,19.797552,20.981087,21.60573,24.436464,26.202477,24.887064,21.85488,26.279219,27.561298,24.624878,24.097832,22.354809,18.411297,18.378593,21.829458,19.488205,13.892473,17.21976,16.309446,17.922379,14.043766,10.036024,11.668451,8.569162,8.566831,14.2882805,12.339319,9.092407,11.864289,16.59813,16.51309,20.238344,20.632444,19.968971,25.74672,22.61497,26.167507,28.095638,27.331034,23.354786,21.524382,26.955809,25.457703,20.35439,22.248173,25.277075,23.539396,20.70551,24.87129,25.364676,21.745668,22.115465,26.40064,26.781864,31.828066,32.63306
32,38.923916,36.179684,33.25579,29.945463,27.3271,25.122597,22.16277,18.207813,14.761925,13.379308,9.607179,9.199641,5.3484054,6.528168,11.138438,10.44605,14.386825,16.823946,20.297731,22.23471,26.137104,28.957798,32.112843,25.498878,23.690384,21.340698,18.463873,16.179457,13.018064,12.309227,8.619055,7.344154,0.0,5.450659,7.131953,6.5963,7.93828,10.695578,11.851853,11.855663,13.887388,17.085855,16.608171,17.932196,19.677519,22.61363,22.04151,23.65854,26.586489,24.858047,23.424599,27.637133,29.543144,26.95205,27.240147,26.33105,21.805681,23.05674,26.549398,22.910799,18.23872,22.605276,22.16624,22.845757,18.043533,15.08894,18.04174,15.479584,15.054601,21.041138,19.642958,16.219572,18.352968,23.33545,22.737675,26.925337,26.859226,25.538456,31.34195,27.38934,30.643969,32.199512,30.835938,26.88333,25.105108,29.334183,27.41133,22.409687,23.826849,26.362017,23.979336,20.754066,24.517113,24.160036,19.776236,20.08011,23.724625,24.529665,29.398392,31.112064
33,42.527798,39.648678,37.203316,33.394917,31.012022,29.330746,25.816488,22.68113,18.744228,18.171686,14.565923,14.414508,10.66806,10.836667,15.190792,13.611759,17.82702,19.24896,23.760918,24.5599,28.902409,31.390358,35.116333,28.515867,26.089745,24.130901,20.239502,18.358906,14.558618,13.914094,9.588852,6.879823,5.450659,0.0,5.3658323,8.028676,7.9592752,7.9108176,11.085614,12.489915,12.66181,15.415644,16.471567,17.812315,18.113207,21.601665,22.186546,23.17454,25.367002,23.077547,21.320168,26.769781,27.506271,24.381693,25.297096,24.815853,20.614267,21.723654,24.276436,20.170233,16.256218,19.699501,18.619682,18.670149,14.057166,11.791516,14.472843,12.563404,13.19934,18.816956,17.833933,15.511499,17.560223,22.769762,21.813757,25.908972,26.650124,25.447266,31.28441,27.573606,30.879316,32.121136,31.582628,27.799353,25.365374,29.938204,29.124697,23.85886,24.679966,27.659029,25.949572,22.319326,25.887892,26.374454,22.730375,21.82965,25.696657,25.667683,31.05839,31.993328
34,38.566868,35.49383,33.5163,29.30941,27.079468,26.092678,21.953167,19.878893,15.643017,16.035908,13.14652,13.668816,11.000845,11.030909,13.0737095,10.0197115,14.241221,14.662316,19.86547,19.796814,24.33404,26.657654,30.591345,24.132378,21.395777,19.803894,15.424418,14.174997,9.9636965,10.566109,4.9106746,5.7801514,7.131953,5.3658323,0.0,4.6411214,6.277902,5.134898,6.257966,8.415264,9.673656,10.807345,11.569192,13.870884,14.372512,16.725231,17.364798,19.2354,21.18691,19.50674,17.11254,21.982422,23.15609,20.283194,20.546436,19.770626,15.438212,16.665958,19.643347,15.8876095,11.399266,15.675792,15.545418,16.104717,11.152337,8.311128,12.375696,10.896003,9.408305,15.2225685,15.223547,12.880227,13.501097,19.075508,17.392235,21.904419,22.408339,20.70081,26.522236,22.48826,25.68784,26.815924,26.289518,22.575024,20.028826,24.611843,24.012165,18.707468,19.464746,22.559914,21.095423,17.520786,21.21853,22.073221,18.916813,17.962578,22.190147,22.0501,27.43186,27.992695
35,34.622444,31.765985,29.512903,25.511822,23.340929,21.886251,18.210243,15.746924,11.363711,12.153627,9.224703,10.746063,8.91168,10.136837,11.049147,7.1767035,11.558714,12.099174,16.988659,17.4412,21.761414,24.486435,27.748472,21.44655,19.19695,17.556618,13.871246,12.937634,8.92626,10.741096,3.9346704,8.431386,6.5963,8.028676,4.6411214,0.0,4.331814,6.9483724,5.7129726,5.468253,8.703411,11.108241,10.037712,11.748339,13.839711,16.18132,15.456234,17.48171,20.326912,19.06957,17.500322,21.121748,23.451944,21.246305,21.262022,20.52958,15.840869,17.75414,21.364212,17.62222,13.220316,18.467285,19.165087,19.829157,14.699893,12.074518,16.549574,14.94906,12.440271,18.237022,18.395552,15.384451,15.457302,20.927055,19.066736,23.836575,23.609053,21.402153,27.11728,22.513844,25.46041,26.528933,25.28178,21.549837,19.388094,23.135748,21.837803,16.716564,17.528645,20.171026,18.138401,14.567189,18.258457,18.44583,14.775609,14.307251,18.375223,18.80342,23.880686,25.080421
36,36.485756,33.955875,31.727829,27.729282,25.96102,24.118303,21.008364,18.411777,13.899733,15.121331,11.749828,13.742148,11.444053,13.285687,15.091427,11.28444,15.567382,15.638561,20.67931,20.78097,25.118673,27.886286,30.856873,24.899605,22.689661,21.354313,17.56761,17.108263,12.973421,14.95255,7.9216285,11.31232,7.93828,7.9592752,6.277902,4.331814,0.0,5.3707657,6.4832196,5.7436886,6.1353035,11.003608,10.74219,10.644377,12.21397,16.41681,15.839754,16.175158,19.263565,17.251526,16.732618,21.093163,22.893385,20.60461,21.673054,21.873339,17.2542,19.79194,22.602379,17.78583,14.803835,19.785213,20.365828,20.118984,14.750491,13.323561,18.120392,17.094261,15.143942,20.71944,21.318087,18.831175,18.799385,24.450167,22.17745,27.034204,27.147915,24.751194,30.407337,25.62702,28.369928,28.935104,28.015532,24.552351,21.96552,25.07479,24.512043,19.477133,19.368755,21.938215,20.17386,16.130991,19.092192,19.458656,16.170546,14.33179,17.956463,17.84752,23.230276,24.354279
37,39.27025,36.441185,34.81209,30.326859,28.660717,27.684353,23.75784,22.181257,17.567347,19.023289,16.053667,17.498474,14.957421,15.725009,17.456575,13.440734,17.640976,16.891779,22.711868,21.68887,26.371597,28.643513,32.36044,26.405073,23.53062,22.554323,17.826061,17.656096,13.199154,15.037443,8.395712,10.780922,10.695578,7.9108176,5.134898,6.9483724,5.3707657,0.0,5.1653495,7.446002,5.6462846,8.038971,10.035246,10.94138,10.299675,14.327969,15.439535,15.778294,17.568813,15.213908,13.5646715,19.310251,19.816103,16.861465,18.264412,18.674725,14.462865,16.67565,18.605633,13.46977,11.10136,15.265501,15.55911,14.8797865,9.510843,8.880502,13.880644,13.778022,12.088998,17.02495,18.315594,16.892174,16.402258,22.116058,19.44253,24.166733,24.98458,22.72151,28.318087,23.899158,26.700474,27.045824,27.012695,23.736132,20.560627,24.280216,24.824787,19.615122,19.128778,22.234293,21.30999,17.199036,20.098671,21.508741,19.177181,16.637205,20.594267,19.635378,25.351875,25.404657
38,34.54152,31.563334,30.196241,25.51998,23.921549,23.467035,19.14894,18.45907,13.8572645,16.083395,14.024545,15.914375,14.5164995,15.253629,15.014791,10.086761,13.7990675,12.143489,18.246773,16.694021,21.387474,23.635975,27.299269,21.517324,18.599117,17.911932,13.1595125,13.71427,9.358002,12.571747,5.7895985,11.23319,11.851853,11.085614,6.257966,5.7129726,6.4832196,5.1653495,0.0,3.852604,5.65393,5.401222,5.4186897,8.0086355,8.901457,10.820103,11.180818,13.212242,15.218674,14.077687,11.857786,15.943942,17.799902,15.551641,15.683213,15.449759,10.805075,13.376754,16.369055,12.153986,8.716534,14.217242,15.729933,16.01482,10.927957,9.389624,14.809001,14.54844,11.016843,15.826922,17.592583,15.750545,14.085093,19.728697,16.634695,21.659246,21.828949,19.036543,24.525648,19.661757,22.304941,22.691473,22.216715,18.915178,15.913985,19.452383,19.68066,14.488646,14.135099,17.221298,16.22962,12.244177,15.487418,16.951021,14.868776,12.776433,17.121643,16.486599,21.949959,22.012663
39,31.893478,29.197998,27.53768,23.076866,21.62105,20.603046,16.902367,15.835987,11.1342745,13.888556,11.88318,14.5381365,13.6920395,15.219408,14.559772,9.4046755,12.962611,11.413494,17.05227,16.023104,20.428793,23.063236,25.995447,20.448969,18.069273,17.358461,13.41576,14.174337,10.228617,13.8809395,6.9726562,13.185287,11.855663,12.489915,8.415264,5.468253,5.7436886,7.446002,3.852604,0.0,5.4129524,7.692908,5.483192,6.3591223,9.295091,11.706122,10.395482,12.094478,15.227115,14.335233,13.400753,16.235884,19.096485,17.504246,17.666506,17.634068,12.923708,15.962726,19.254122,15.0744505,12.072223,17.792217,19.540785,19.784327,14.668333,13.197959,18.528091,17.923004,14.342648,19.288654,20.807564,18.429674,16.882835,22.360285,19.378551,24.447779,24.110876,21.073921,26.40824,21.186049,23.566368,23.869299,22.75547,19.509775,16.922161,19.458647,19.06703,14.160796,13.688968,16.211807,14.636289,10.484324,13.541389,14.298559,11.741983,9.629814,13.843466,13.691757,19.016624,19.780933
40,35.97395,33.510353,32.107643,27.557936,26.498215,25.414347,22.010193,20.963926,16.273678,18.909378,16.344711,18.870083,17.17328,18.754658,19.332447,14.465041,18.25932,16.550812,22.401796,20.848759,25.334026,27.746351,30.751078,25.50892,22.91418,22.486198,18.117102,18.99326,14.752602,17.947285,10.751124,15.393819,13.887388,12.66181,9.673656,8.703411,6.1353035,5.6462846,5.65393,5.4129524,0.0,6.8333845,7.570321,5.9858694,6.211295,11.681771,11.741885,10.743486,13.439209,11.131488,11.212031,15.924068,17.27423,15.224037,16.998291,18.242393,13.979082,17.394854,19.258244,13.681808,12.798224,17.627207,19.04948,18.118813,12.959809,13.133157,18.60232,18.81576,16.057089,20.55521,22.603827,21.05292,19.535412,25.188017,21.813854,26.817846,27.180027,24.171263,29.417547,24.335701,26.56705,26.2789,25.99925,23.14066,19.902912,22.105768,23.043491,18.26572,16.750296,19.388922,18.592302,14.187197,16.162971,17.635101,16.015007,12.214497,15.732022,14.345339,20.137691,20.169376
41,35.36301,32.383472,31.841202,26.741894,25.744583,26.083364,21.535236,22.148018,17.676134,20.631176,19.04132,21.111776,19.902136,20.469915,19.714785,14.58836,17.599674,14.619291,21.025457,17.941044,22.60516,24.306053,28.134924,23.122728,19.831062,20.03565,14.911489,16.604467,12.674811,16.304476,10.636195,15.56933,17.085855,15.415644,10.807345,11.108241,11.003608,8.038971,5.401222,7.692908,6.8333845,0.0,4.6873703,7.1284733,5.4268355,6.3803344,8.767205,10.290427,10.78857,9.830793,6.5373683,11.509506,12.478453,10.169258,10.677021,11.476816,7.3550715,10.82837,12.5047,7.4892716,6.862059,11.717961,14.176043,13.841431,9.502043,9.88176,15.31288,16.360638,12.5177,15.579024,18.795033,18.135746,15.162732,20.42165,16.310026,21.220423,21.800571,18.566504,23.4694,18.56801,20.67326,20.17651,20.650661,18.077232,14.325045,17.208902,19.23225,14.4939575,12.722145,15.991863,16.261086,12.337388,14.5265,17.216618,16.819952,13.445783,17.484991,15.761287,21.242926,20.044327
42,30.808449,27.87025,27.187746,22.138657,21.17112,21.469835,17.033443,17.950615,13.626818,17.121998,16.143536,18.642548,18.266615,19.173876,17.326443,11.882059,14.358309,10.950266,17.167864,14.1947365,18.718903,20.750315,24.081472,19.18109,16.237207,16.51578,11.971765,14.141516,10.6466055,15.101059,9.566105,15.951145,16.608171,16.471567,11.569192,10.037712,10.74219,10.035246,5.4186897,5.483192,7.570321,4.6873703,0.0,5.1357074,7.09284,6.437999,5.800914,9.248197,11.18117,11.412636,9.317833,11.138204,14.349479,13.230321,12.579433,12.586385,8.050986,11.744423,14.828162,11.235837,9.17092,14.829574,17.602392,17.995821,13.63802,12.819302,18.177622,18.436747,13.945844,17.500885,20.231747,18.682446,15.60628,20.693632,16.792297,21.8496,21.55493,17.96991,22.810255,17.379156,19.32085,19.041822,18.4606,15.703841,12.533144,14.714034,15.687069,10.957403,9.343731,12.325379,11.954487,7.835341,10.505779,12.753583,12.201074,9.328646,13.648367,12.643655,17.826153,17.31356
43,31.119255,28.77027,27.943268,23.147137,22.715714,22.226011,18.897974,19.26932,14.91408,18.740608,17.327753,20.430975,19.894775,21.564793,20.391203,14.995316,17.726305,14.724224,20.390108,17.87692,22.001514,24.28846,26.745567,22.416607,20.017958,20.355104,16.467705,18.544182,15.018031,19.319416,12.868478,19.04959,17.932196,17.812315,13.870884,11.748339,10.644377,10.94138,8.0086355,6.3591223,5.9858694,7.1284733,5.1357074,0.0,5.04194,8.242152,6.458193,5.7677975,9.452071,8.890677,9.666029,11.443019,14.586853,13.949144,14.823673,16.188477,12.189603,16.31194,18.479937,13.784516,13.498602,18.717781,21.282995,20.810877,16.21543,16.302063,21.880455,22.255802,18.331059,22.112207,24.814825,23.21857,20.552065,25.77073,21.851524,26.896563,26.674772,23.019476,27.660273,22.118101,23.682177,22.879906,22.268991,19.942408,16.872852,17.510868,18.807451,14.745778,12.246615,14.342622,13.910457,9.551507,10.523289,12.462534,12.277496,7.404886,10.8694515,9.0545225,14.793141,14.466819
44,35.47188,33.007145,32.556904,27.561604,27.168667,27.068966,23.347734,23.88841,19.406975,22.888529,21.11994,23.815224,22.628986,23.898457,23.39573,18.074825,21.123587,18.016523,24.145947,21.059895,25.421232,27.291977,30.337225,25.989807,23.100811,23.584118,18.979412,21.00293,17.147005,21.047342,14.633637,19.797552,19.677519,18.113207,14.372512,13.839711,12.21397,10.299675,8.901457,9.295091,6.211295,5.4268355,7.09284,5.04194,0.0,7.1622324,8.521772,6.2566595,7.4467535,5.2451315,5.7065783,10.453233,11.299713,9.852651,12.143491,14.554827,11.227566,15.301978,16.03369,10.336316,12.093184,16.211683,18.640059,17.38284,13.250007,14.662041,20.072426,21.269348,17.821453,20.835358,24.133274,23.426826,20.575962,25.78802,21.529543,26.38535,26.885277,23.386473,27.914177,22.758076,24.31344,23.122637,23.571291,21.526773,17.819334,18.916964,21.513268,17.383484,14.507016,17.068476,17.528585,13.368132,14.079063,16.83587,17.165018,12.276674,15.360195,12.728656,18.352392,16.845566
45,32.290863,29.369476,29.788673,24.406868,24.179031,25.499979,20.95241,23.224993,19.305042,23.107948,22.493254,24.933447,24.574497,25.200882,23.077593,17.762634,19.591135,15.317125,21.291567,16.787834,20.9072,22.069899,25.536537,21.822409,18.584692,19.875788,15.295101,18.333467,15.462458,19.820307,15.282303,20.981087,22.61363,21.601665,16.725231,16.18132,16.41681,14.327969,10.820103,11.706122,11.681771,6.3803344,6.437999,8.242152,7.1622324,0.0,5.0195465,7.930234,6.7417793,8.511614,5.1191897,5.3335023,8.229079,8.078721,6.8919144,8.401047,5.744272,10.092862,11.2938795,8.228543,9.728826,13.641117,17.307955,17.267979,14.332884,14.996767,19.85517,21.229319,16.677166,18.257277,22.266872,21.908707,17.735415,22.046833,17.28027,21.858244,21.96951,18.036621,21.805536,16.592735,17.616877,16.061272,16.822718,15.31778,11.436344,12.25318,15.895199,12.38556,8.956932,11.811951,13.448853,10.350953,10.99663,14.756272,16.364056,12.664041,16.001734,13.777817,18.365839,16.023905
46,27.782272,25.085331,25.286354,20.008215,20.022243,21.061544,17.036554,19.48732,15.85573,20.149435,19.982388,22.878674,23.15681,24.262184,21.526114,16.138163,17.515223,13.130858,18.533745,14.394533,18.162867,19.814152,22.390795,18.986343,16.37096,17.71608,14.0795555,17.364285,14.901856,19.715878,15.022248,21.60573,22.04151,22.186546,17.364798,15.456234,15.839754,15.439535,11.180818,10.395482,11.741885,8.767205,5.800914,6.458193,8.521772,5.0195465,0.0,6.48171,8.026582,10.297178,9.350542,6.8877068,12.089352,12.757366,11.540872,12.242654,9.130193,13.247293,15.696481,13.029376,12.9188595,17.781044,21.303068,21.576061,17.9727,17.820263,22.962698,23.609907,18.800838,21.28598,24.641224,23.391098,19.528027,23.876677,19.51265,24.247086,23.584845,19.465252,23.234064,17.555895,18.398132,17.11267,16.487339,14.844031,11.851985,11.214654,13.518983,10.342226,6.5720325,8.604716,9.532091,6.11601,6.2056136,9.814358,11.806028,8.051432,11.258568,9.563969,13.904984,12.379762
47,31.268772,29.24308,29.271933,24.354416,24.778784,24.890865,21.884098,23.35278,19.444525,23.700325,22.712563,25.954067,25.624685,27.274479,25.707296,20.248661,22.43706,18.693312,24.090256,20.589323,24.252512,26.082691,28.124786,24.974344,22.634077,23.736511,20.065132,22.878134,19.754623,24.302044,18.292692,24.436464,23.65854,23.17454,19.2354,17.48171,16.175158,15.778294,13.212242,12.094478,10.743486,10.290427,9.248197,5.7677975,6.2566595,7.930234,6.48171,0.0,4.924494,5.7916694,8.747419,8.167536,11.441253,12.261232,13.628022,16.193409,13.508139,17.908953,18.932047,14.515802,16.376307,20.695438,23.789454,22.896402,19.123676,20.156446,25.574144,26.586462,22.498707,25.263405,28.72912,27.704836,24.320786,29.125557,24.663902,29.460863,29.315763,25.32837,29.173088,23.650686,24.415705,22.652674,22.579432,21.239431,18.028267,16.85516,19.70176,16.768562,12.933649,14.303626,15.119811,11.54206,10.247468,13.175144,15.116189,9.493468,11.170794,7.7240596,12.756655,10.651599
48,33.825146,31.58552,32.250618,27.077423,27.609377,28.482096,24.92174,27.04944,23.155735,27.338171,26.446947,29.394556,28.897032,30.107353,28.45377,22.980576,25.03942,20.871521,26.521734,22.187737,25.869225,27.122238,29.665459,26.821133,24.061733,25.544409,21.454521,24.541115,21.513035,25.949217,20.483774,26.202477,26.586489,25.367002,21.18691,20.326912,19.263565,17.568813,15.218674,15.227115,13.439209,10.78857,11.18117,9.452071,7.4467535,6.7417793,8.026582,4.924494,0.0,4.2963867,6.2484546,5.097322,6.72272,8.399523,10.1033125,13.621567,12.262257,16.418194,16.16689,12.194842,15.753078,18.89375,22.271368,21.151854,18.372816,20.125587,25.118484,26.786358,22.72512,24.371138,28.492971,28.23857,24.315378,28.706615,23.874626,28.305674,28.558525,24.577055,27.87804,22.748121,23.160753,20.817543,21.758572,21.007212,17.404625,16.121943,20.419285,17.82093,13.593681,15.212408,17.095404,14.048354,12.660855,16.393713,18.946148,13.788016,15.555057,12.070534,16.24566,12.821748
49,36.831146,34.635468,34.792953,29.734667,29.943558,30.199453,26.731422,27.947296,23.692884,27.53054,25.999027,28.865623,27.811546,29.132582,28.397686,22.994162,25.709295,22.10636,28.070002,24.325373,28.364256,29.900417,32.650684,29.146742,26.30191,27.313848,22.871246,25.400623,21.826122,25.897112,19.769299,24.887064,24.858047,23.077547,19.50674,19.06957,17.251526,15.213908,14.077687,14.335233,11.131488,9.830793,11.412636,8.890677,5.2451315,8.511614,10.297178,5.7916694,4.2963867,0.0,5.6906962,8.991552,8.467742,8.320604,11.757852,15.466833,13.537776,17.63352,17.09541,11.751667,15.582887,18.598166,21.340637,19.581606,16.47428,18.739964,23.800644,25.538235,22.110569,24.212946,28.090984,27.88482,24.548948,29.37733,24.734524,29.299313,29.936619,26.238203,30.079502,25.045433,25.956657,23.964567,24.980116,23.734917,19.930603,19.69845,23.497047,20.191757,16.439714,18.471678,19.77497,16.111263,15.437788,18.712091,20.30275,14.851472,16.847528,13.339748,18.22451,15.48354
50,37.042786,34.28391,34.5804,29.266691,29.024572,29.92498,25.56061,27.148252,22.880953,26.40097,25.084858,27.429773,26.352596,27.005964,25.97808,20.731789,23.269024,19.510588,25.746016,21.593143,25.875484,27.048338,30.643333,26.726156,23.396538,24.409708,19.469984,21.960527,18.515097,22.331387,17.13393,21.85488,23.424599,21.320168,17.11254,17.500322,16.732618,13.5646715,11.857786,13.400753,11.212031,6.5373683,9.317833,9.666029,5.7065783,5.1191897,9.350542,8.747419,6.2484546,5.6906962,0.0,7.6581154,6.272811,4.3082,6.8625183,10.251571,8.526415,12.261038,11.47901,6.217174,10.533271,13.08289,16.172338,14.910038,12.303842,14.464249,19.182398,21.202665,17.557335,18.898924,23.117897,23.379541,19.653116,24.192492,19.438223,23.828524,24.724382,21.19794,25.041914,20.351383,21.518578,19.78802,21.316298,19.9052,15.808053,16.973528,20.977169,17.319693,14.075513,16.860914,18.43875,15.006136,15.442738,19.079731,20.370054,15.92654,18.996809,16.141535,21.124205,18.43688
51,31.531136,28.926315,30.131422,24.760311,25.325438,27.120872,23.040052,26.162615,22.676088,26.899176,26.676508,29.39031,29.36116,30.164473,27.605494,22.28492,23.589132,18.911821,24.2471,19.173502,22.557402,23.303701,26.099293,23.711443,20.813684,22.766708,18.892498,22.45155,20.124937,24.65947,20.383902,26.279219,27.637133,26.769781,21.982422,21.121748,21.093163,19.310251,15.943942,16.235884,15.924068,11.509506,11.138204,11.443019,10.453233,5.3335023,6.8877068,8.167536,5.097322,8.991552,7.6581154,0.0,6.342883,8.868692,7.5990863,10.169144,9.7581,13.490895,13.619272,11.728367,14.586863,17.516932,21.452002,21.185623,18.962843,20.087248,24.690014,26.316486,21.72057,22.593288,26.933146,26.8034,22.2673,25.974867,21.032785,25.148275,25.079525,20.932695,23.605122,18.562561,18.519995,15.907068,17.00956,16.75082,13.287486,11.432874,16.496044,14.56229,10.15847,11.708817,14.417981,12.338356,10.995509,15.210514,18.353584,14.317053,16.418604,13.646132,17.037779,13.438093
52,37.859646,35.208897,36.39273,30.992075,31.342949,33.008976,28.685148,31.313108,27.43087,31.296354,30.48147,32.91302,32.18417,32.733063,31.063889,25.819767,27.7197,23.365044,29.18827,24.17465,27.889538,28.423542,31.804218,29.028631,25.746592,27.45938,22.90044,26.004145,23.195211,27.16403,22.737648,27.561298,29.543144,27.506271,23.15609,23.451944,22.893385,19.816103,17.799902,19.096485,17.27423,12.478453,14.349479,14.586853,11.299713,8.229079,12.089352,11.441253,6.72272,8.467742,6.272811,6.342883,0.0,4.158953,5.7342753,10.337656,11.272385,14.258803,11.970312,9.457604,14.829704,15.854662,19.408976,18.207808,17.139242,19.554934,23.564814,26.006258,22.205286,22.187315,26.985065,27.798454,23.394293,27.024824,21.968063,25.669962,26.56501,22.885918,25.451519,21.216099,21.366247,18.597355,21.005348,20.815336,16.893728,16.425488,21.906054,19.53547,15.635836,17.70562,20.366827,17.91544,17.149776,21.286047,23.884117,19.454119,21.734205,18.521652,22.364565,18.46471
53,39.848705,37.007473,37.7349,32.324337,32.20603,33.557194,28.979536,30.974873,26.813017,30.26941,29.05087,31.19462,30.03658,30.392508,29.343742,24.259422,26.6029,22.690002,28.851955,24.251808,28.38045,29.096508,32.949223,29.374628,25.86455,27.130949,22.113415,24.69549,21.500895,25.031597,20.507719,24.624878,26.95205,24.381693,20.283194,21.246305,20.60461,16.861465,15.551641,17.504246,15.224037,10.169258,13.230321,13.949144,9.852651,8.078721,12.757366,12.261232,8.399523,8.320604,4.3082,8.868692,4.158953,0.0,5.322978,9.714455,9.996188,12.720212,10.077027,5.992373,12.101276,12.689264,15.835036,14.255606,13.23049,16.064142,19.93136,22.56016,19.228907,19.289507,24.000713,25.03591,21.015688,24.941923,20.043814,23.837002,25.174587,21.843914,25.021492,20.966364,21.783672,19.622698,22.070288,21.225847,17.058237,18.143538,23.000967,19.80992,16.52082,19.209152,21.369583,18.423386,18.588455,22.510757,24.232395,19.917234,22.793087,19.764853,24.332361,21.014854
54,36.999977,33.847557,34.92455,29.441,29.25625,31.334526,26.347633,29.126587,25.376934,28.83102,28.271805,30.212389,29.589859,29.593752,27.584362,22.694252,24.28074,19.985485,25.783087,20.649954,24.506594,24.77578,28.911469,25.63726,22.01163,23.618196,18.815239,21.781292,19.319384,22.943157,19.674952,24.097832,27.240147,25.297096,20.546436,21.262022,21.673054,18.264412,15.683213,17.666506,16.998291,10.677021,12.579433,14.823673,12.143491,6.8919144,11.540872,13.628022,10.1033125,11.757852,6.8625183,7.5990863,5.7342753,5.322978,0.0,4.7277493,6.673696,8.739357,6.520199,6.1545286,10.45933,11.086515,15.102778,14.955395,14.27551,15.903075,19.412432,21.78604,17.71207,17.009632,21.932407,22.960812,18.241404,21.466305,16.386047,19.95044,20.907345,17.361944,20.034452,16.040064,16.576756,14.338646,17.048962,16.496235,12.4128065,13.769755,18.885296,16.16207,13.1759815,15.9,18.455706,16.326283,16.777342,20.81142,22.806479,19.476742,22.60652,20.13918,24.22405,20.974955
55,35.59987,32.09158,33.155422,27.71698,27.155626,29.672018,24.258547,27.326744,23.927439,27.029936,26.9001,28.435072,28.123146,27.690315,25.106462,20.662403,21.673344,17.42248,22.857126,17.610525,21.360954,21.312159,25.977955,22.498085,18.687931,20.294958,15.57016,18.51139,16.710255,20.04296,18.173058,22.354809,26.33105,24.815853,19.770626,20.52958,21.873339,18.674725,15.449759,17.634068,18.242393,11.476816,12.586385,16.188477,14.554827,8.401047,12.242654,16.193409,13.621567,15.466833,10.251571,10.169144,10.337656,9.714455,4.7277493,0.0,4.758908,4.7481713,4.3860397,7.6177897,8.796516,9.411291,13.725099,14.919543,14.424075,14.817278,17.745834,19.750784,15.274062,13.952147,18.803164,19.809326,14.687031,17.283344,12.186695,15.610177,16.296215,12.704142,15.361838,11.459166,12.291528,10.702907,13.468314,12.639944,8.644606,11.705587,16.157303,13.454271,11.596332,14.546284,16.931524,15.457039,16.757528,20.470367,22.065443,19.90703,23.4296,21.667837,25.57322,22.860735
56,33.73276,30.28784,30.67625,25.297857,24.423912,26.280872,20.941174,23.318768,19.622091,22.687424,22.304863,23.964054,23.581575,23.387924,21.010773,16.286282,17.75378,13.688329,19.647388,15.013429,19.323658,20.0358,24.55278,20.224894,16.454885,17.539536,12.413739,15.149818,12.688026,16.41179,13.654938,18.411297,21.805681,20.614267,15.438212,15.840869,17.2542,14.462865,10.805075,12.923708,13.979082,7.3550715,8.050986,12.189603,11.227566,5.744272,9.130193,13.508139,12.262257,13.537776,8.526415,9.7581,11.272385,9.996188,6.673696,4.758908,0.0,4.4019313,7.1695375,6.746263,5.5880184,9.18083,13.14175,14.29801,12.14421,11.85488,15.846739,17.243088,12.40773,12.996652,17.220404,17.302805,12.614717,16.507988,11.619358,16.126926,16.45075,12.732642,16.821848,12.0197935,13.748001,13.062319,14.278656,12.23386,8.07826,11.867679,14.912796,10.959464,9.369336,12.86031,14.328009,12.009542,14.105343,17.446125,18.233202,16.112425,20.03434,18.574003,22.999575,21.045156
57,35.596302,31.856485,32.354836,27.083015,25.879946,28.174175,22.47462,24.987474,21.643377,24.11348,23.960663,25.0008,24.63527,23.800016,21.268772,17.310785,18.304054,14.652625,20.072165,15.485677,19.546062,19.712593,24.883253,20.446218,16.46257,17.436068,12.36778,14.644737,12.932331,15.698649,14.827841,18.378593,23.05674,21.723654,16.665958,17.75414,19.79194,16.67565,13.376754,15.962726,17.394854,10.82837,11.744423,16.31194,15.301978,10.092862,13.247293,17.908953,16.418194,17.63352,12.261038,13.490895,14.258803,12.720212,8.739357,4.7481713,4.4019313,0.0,5.4513702,8.418118,5.8298006,7.204247,11.183333,13.446397,12.54411,11.630398,14.196345,15.688844,10.97574,9.823175,14.34287,15.122714,9.945023,12.8521805,7.7732577,11.891479,12.569218,9.205252,13.252113,9.344105,11.55562,11.64421,13.456826,11.370497,7.659781,13.080138,15.6857815,12.094573,11.83398,15.175153,16.615631,15.060069,17.544567,20.630507,21.122087,19.859705,23.889534,22.734732,26.952547,25.052029
58,39.7329,36.14,36.99179,31.602882,30.749777,33.05773,27.50499,30.026665,26.432491,29.068491,28.536982,29.682165,28.869648,28.09155,26.240337,22.151678,23.560226,19.893394,25.458897,20.674213,24.593014,24.51009,29.54546,25.608437,21.659304,22.835413,17.791723,19.99687,17.935991,20.439495,18.897247,21.829458,26.549398,24.276436,19.643347,21.364212,22.602379,18.605633,16.369055,19.254122,19.258244,12.5047,14.828162,18.479937,16.03369,11.2938795,15.696481,18.932047,16.16689,17.09541,11.47901,13.619272,11.970312,10.077027,6.520199,4.3860397,7.1695375,5.4513702,0.0,6.569789,8.3134365,6.115492,10.219898,11.411703,12.251463,13.149512,15.053693,17.669489,14.028112,11.548154,16.74052,18.663307,13.889443,16.242188,11.377767,14.230631,15.983843,13.290614,16.04451,13.327213,14.6623955,13.632918,16.825825,15.763258,11.986792,15.945562,19.98316,16.905367,15.600228,18.741491,20.822615,19.02887,20.709393,24.312689,25.372131,23.13388,26.888449,25.01682,29.329344,26.640205
59,39.836052,36.598484,36.863174,31.500357,30.6916,32.001694,26.92763,28.469582,24.281631,27.0819,25.781528,27.344656,25.99892,25.829079,24.984589,20.341295,22.790857,19.412514,25.669495,21.540104,25.98474,26.758898,31.278614,26.80599,23.037247,23.783247,18.385693,20.323305,17.057692,19.953018,16.193321,19.488205,22.910799,20.170233,15.8876095,17.62222,17.78583,13.46977,12.153986,15.0744505,13.681808,7.4892716,11.235837,13.784516,10.336316,8.228543,13.029376,14.515802,12.194842,11.751667,6.217174,11.728367,9.457604,5.992373,6.1545286,7.6177897,6.746263,8.418118,6.569789,0.0,6.5832057,7.02233,10.237957,9.4589205,8.175614,10.445379,14.109995,16.699862,13.403462,13.422028,18.032475,19.198677,15.371545,19.47756,14.824663,18.778847,20.389091,17.497055,21.42675,17.63721,19.341227,18.247385,20.46256,18.763577,14.592002,17.855677,21.582415,17.59552,15.575535,18.917673,20.44758,17.436207,19.019419,22.529585,23.154074,19.854523,23.58857,21.3229,26.33095,23.886957
60,37.345646,33.82065,33.519215,28.385511,26.884735,28.075243,22.686766,23.77522,19.793972,21.913544,20.818552,21.840658,20.694263,20.059727,18.891632,14.720572,17.033667,14.298376,20.402357,17.054943,21.683092,22.707094,27.588333,22.24371,18.43816,18.523985,12.975118,14.185626,10.949636,13.445136,10.762535,13.892473,18.23872,16.256218,11.399266,13.220316,14.803835,11.10136,8.716534,12.072223,12.798224,6.862059,9.17092,13.498602,12.093184,9.728826,12.9188595,16.376307,15.753078,15.582887,10.533271,14.586863,14.829704,12.101276,10.45933,8.796516,5.5880184,5.8298006,8.3134365,6.5832057,0.0,5.94253,8.740392,10.232743,7.48276,6.3271065,10.414479,11.822189,7.4083667,8.9033785,12.74386,13.029102,9.241483,14.091135,9.88679,14.59579,15.714027,13.068166,18.128168,14.182794,16.887585,17.204405,18.293581,15.494332,11.851841,16.944973,18.744062,14.035291,13.742847,17.367596,17.89888,15.084188,18.061987,20.768206,20.190155,18.393337,22.725985,21.514502,26.538668,25.180706
61,42.279984,38.616474,38.69682,33.500534,32.048676,33.652718,28.079655,29.417788,25.585373,27.421312,26.289177,26.886425,25.43678,24.30541,23.574144,20.049906,22.127445,19.57062,25.29248,21.667707,25.99854,26.404978,31.699623,26.678932,22.71526,22.978323,17.588572,18.546968,15.922694,17.298378,15.949901,17.21976,22.605276,19.699501,15.675792,18.467285,19.785213,15.265501,14.217242,17.792217,17.627207,11.717961,14.829574,18.717781,16.211683,13.641117,17.781044,20.695438,18.89375,18.598166,13.08289,17.516932,15.854662,12.689264,11.086515,9.411291,9.18083,7.204247,6.115492,7.02233,5.94253,0.0,4.314714,6.467438,7.5011864,7.95983,9.003502,11.942382,9.313551,6.9711685,11.934749,14.252026,10.611166,13.8273535,9.849322,13.0005455,15.48479,13.82903,17.904844,15.554548,18.013058,18.160429,20.515104,18.378616,14.83471,20.0714,22.728006,18.640789,18.272598,21.794415,22.930208,20.521328,23.11754,26.18174,26.000954,24.047068,28.244024,26.673082,31.621902,29.65226
62,45.72488,42.033867,41.772457,36.72342,34.98669,36.23743,30.726639,31.37998,27.505093,28.749552,27.221424,27.358559,25.410177,23.964525,24.197327,21.305332,23.711046,21.95771,27.512943,24.594433,28.969667,29.507631,34.91424,29.478085,25.587496,25.376925,20.052536,20.176096,17.43856,17.741718,16.800106,16.309446,22.16624,18.619682,15.545418,19.165087,20.365828,15.55911,15.729933,19.540785,19.04948,14.176043,17.602392,21.282995,18.640059,17.307955,21.303068,23.789454,22.271368,21.340637,16.172338,21.452002,19.408976,15.835036,15.102778,13.725099,13.14175,11.183333,10.219898,10.237957,8.740392,4.314714,0.0,4.24669,6.8438907,7.2436743,5.8343883,9.490431,8.97209,6.4327483,10.296375,13.328833,11.226692,14.214943,11.545704,13.929807,16.962416,16.275057,20.45817,18.776787,21.529242,22.082422,24.305428,21.909481,18.630125,24.189823,26.367273,22.03317,22.059143,25.637537,26.414602,23.81112,26.699394,29.507204,28.749456,26.922262,31.23011,29.75324,34.95436,33.240612
63,47.496113,44.00745,43.729256,38.596695,37.084755,38.022133,32.751827,33.17806,28.989424,30.490921,28.551697,29.014118,26.72062,25.690245,26.505753,23.201267,26.088646,24.196358,30.124134,27.125671,31.66943,32.408115,37.570057,32.209324,28.34528,28.224567,22.740074,23.077986,19.80899,20.524597,18.207151,17.922379,22.845757,18.670149,16.104717,19.829157,20.118984,14.8797865,16.01482,19.784327,18.118813,13.841431,17.995821,20.810877,17.38284,17.267979,21.576061,22.896402,21.151854,19.581606,14.910038,21.185623,18.207808,14.255606,14.955395,14.919543,14.29801,13.446397,11.411703,9.4589205,10.232743,6.467438,4.24669,0.0,5.383177,8.271765,8.081863,11.866109,11.832081,10.589488,14.103491,16.762924,14.943682,18.394613,15.443883,18.063295,21.02402,19.951508,24.085327,21.97797,24.478455,24.469357,26.876646,24.648348,20.993776,25.878786,28.608065,24.168533,23.497293,27.070631,27.976124,24.927753,27.418262,30.401674,29.81097,27.210169,31.319677,29.426281,34.825123,32.89386
64,43.88,40.56396,39.879284,34.874943,33.307503,33.713985,28.74624,28.660065,24.296137,25.850416,23.658726,24.400892,22.047907,21.456999,22.459703,18.805882,22.128073,20.43702,26.548815,24.027315,28.755165,30.013689,34.800583,29.154963,25.49367,25.1194,19.631918,19.87578,16.045149,17.220335,13.552742,14.043766,18.043533,14.057166,11.152337,14.699893,14.750491,9.510843,10.927957,14.668333,12.959809,9.502043,13.63802,16.21543,13.250007,14.332884,17.9727,19.123676,18.372816,16.47428,12.303842,18.962843,17.139242,13.23049,14.27551,14.424075,12.14421,12.54411,12.251463,8.175614,7.48276,7.5011864,6.8438907,5.383177,0.0,4.5444217,7.832563,10.435831,9.458376,11.06984,14.006792,15.172806,13.591358,18.345076,15.218162,19.018045,21.17714,19.503925,24.435228,21.264528,23.987392,24.102852,25.663729,22.966583,19.28035,23.978151,26.070103,21.204958,20.54329,24.12204,24.497728,21.0323,23.72554,26.345432,25.290232,22.648825,26.802582,25.127213,30.704828,29.318485
65,41.811996,38.344383,37.36277,32.560383,30.60512,30.97517,25.886307,25.53487,21.416588,22.449863,20.449514,20.751959,18.560148,17.55277,18.3638,15.20992,18.389847,17.296827,23.063461,21.153475,25.825022,27.191914,32.091698,26.05359,22.487268,21.690268,16.367022,15.968329,12.283411,12.829592,10.136978,10.036024,15.08894,11.791516,8.311128,12.074518,13.323561,8.880502,9.389624,13.197959,13.133157,9.88176,12.819302,16.302063,14.662041,14.996767,17.820263,20.156446,20.125587,18.739964,14.464249,20.087248,19.554934,16.064142,15.903075,14.817278,11.85488,11.630398,13.149512,10.445379,6.3271065,7.95983,7.2436743,8.271765,4.5444217,0.0,5.596862,6.8301554,5.1402435,8.526429,10.4695635,10.84484,9.792747,14.944396,12.462599,16.497732,18.254126,16.872255,22.25951,19.132837,22.28027,23.125027,24.036983,20.85359,17.658968,23.06365,24.077087,19.028091,19.33061,22.914192,22.757803,19.567474,22.924385,25.056787,23.36208,21.734491,26.148321,25.12582,30.56438,29.750713
66,45.995155,42.31383,41.36361,36.676388,34.45949,35.080395,29.800528,29.405714,25.65815,26.011208,24.139202,23.652899,21.313995,19.499214,20.73495,18.78769,21.492573,20.989412,26.11084,24.471844,28.868134,29.848963,35.161755,29.04735,25.443674,24.44848,19.433424,18.370962,15.55284,14.518593,14.2570095,11.668451,18.04174,14.472843,12.375696,16.549574,18.120392,13.880644,14.809001,18.528091,18.60232,15.31288,18.177622,21.880455,20.072426,19.85517,22.962698,25.574144,25.118484,23.800644,19.182398,24.690014,23.564814,19.93136,19.412432,17.745834,15.846739,14.196345,15.053693,14.109995,10.414479,9.003502,5.8343883,8.081863,7.832563,5.596862,0.0,3.9300742,6.269944,6.7125263,7.260881,9.519116,9.897243,13.4775,12.435998,14.967018,17.551125,17.486055,22.411003,20.658207,23.959679,25.263466,26.559103,23.466393,20.672697,26.696756,27.578503,22.804628,23.657476,27.23467,27.169819,24.416748,27.926853,30.042929,28.236395,27.095526,31.562881,30.640686,35.995777,35.088795
67,44.921,41.237843,39.89158,35.50185,32.97745,33.2981,28.184162,27.24071,23.759747,23.48962,21.621521,20.66118,18.31291,16.14527,17.711573,16.573206,19.206608,19.56126,24.14697,23.379383,27.635954,28.849426,34.034706,27.598574,24.26632,22.784689,18.199217,16.356543,13.789341,11.7464485,12.5262,8.569162,15.479584,12.563404,10.896003,14.94906,17.094261,13.778022,14.54844,17.923004,18.81576,16.360638,18.436747,22.255802,21.269348,21.229319,23.609907,26.586462,26.786358,25.538235,21.202665,26.316486,26.006258,22.56016,21.78604,19.750784,17.243088,15.688844,17.669489,16.699862,11.822189,11.942382,9.490431,11.866109,10.435831,6.8301554,3.9300742,0.0,5.3741627,7.976382,6.054179,6.6883593,8.996791,12.719084,12.737139,15.338006,17.302313,17.530895,22.771296,20.957266,24.508642,26.304123,26.925087,23.456987,21.139511,27.348234,27.28847,22.420977,23.910435,27.367414,26.762451,24.137714,28.016506,29.61913,27.194958,26.75053,31.258797,30.81715,36.075077,35.712368
68,39.96593,36.25092,35.200527,30.605396,28.272629,29.00209,23.637285,23.480757,19.944973,20.422813,19.110453,18.795969,17.229582,15.493012,15.30492,13.054671,15.391206,14.813825,19.846739,18.362822,22.750246,23.938225,29.11104,22.85866,19.345476,18.220995,13.255046,12.150771,9.388373,8.8293085,9.229801,8.566831,15.054601,13.19934,9.408305,12.440271,15.143942,12.088998,11.016843,14.342648,16.057089,12.5177,13.945844,18.331059,17.821453,16.677166,18.800838,22.498707,22.72512,22.110569,17.557335,21.72057,22.205286,19.228907,17.71207,15.274062,12.40773,10.97574,14.028112,13.403462,7.4083667,9.313551,8.97209,11.832081,9.458376,5.1402435,6.269944,5.3741627,0.0,6.018847,6.5892563,6.043517,5.057203,10.372761,8.878065,12.82955,14.092803,13.267218,18.869537,16.199785,19.717577,21.41681,21.78955,18.275032,15.867667,22.025604,21.976696,17.108025,18.59792,22.041286,21.554918,19.108805,22.984539,24.711914,22.686476,22.338484,26.878838,26.492548,31.516071,31.052782
69,42.53383,38.603874,38.23212,33.44704,31.323826,32.917206,27.198898,28.060179,24.805595,25.552366,24.722118,24.352957,23.069595,21.073769,20.268984,18.21411,19.714813,18.400116,23.100739,20.606312,24.616098,24.957113,30.608208,24.9992,21.213873,20.719084,15.899198,15.489495,13.856157,13.363725,14.923056,14.2882805,21.041138,18.816956,15.2225685,18.237022,20.71944,17.02495,15.826922,19.288654,20.55521,15.579024,17.500885,22.112207,20.835358,18.257277,21.28598,25.263405,24.371138,24.212946,18.898924,22.593288,22.187315,19.289507,17.009632,13.952147,12.996652,9.823175,11.548154,13.422028,8.9033785,6.9711685,6.4327483,10.589488,11.06984,8.526429,6.7125263,7.976382,6.018847,0.0,5.243419,8.293842,5.540038,7.82742,6.0723543,8.443635,11.134724,11.173552,15.7633915,14.596659,17.865341,19.53267,20.983591,18.160622,15.799305,22.223848,23.095602,18.975819,20.282925,23.69336,24.038025,22.187609,25.6595,27.959593,26.801855,26.29784,30.75944,30.023626,34.821423,33.63368
70,43.95532,39.988914,39.07668,34.713726,32.120697,33.31007,27.79738,27.826094,24.95129,24.703627,23.810844,22.636042,21.229212,18.624134,18.445473,17.797764,19.152851,19.1929,23.01596,21.841333,25.588186,26.145266,31.72616,25.649738,22.245134,20.98946,16.866776,15.120741,14.0353565,11.696424,15.05719,12.339319,19.642958,17.833933,15.223547,18.395552,21.318087,18.315594,17.592583,20.807564,22.603827,18.795033,20.231747,24.814825,24.133274,22.266872,24.641224,28.72912,28.492971,28.090984,23.117897,26.933146,26.985065,24.000713,21.932407,18.803164,17.220404,14.34287,16.74052,18.032475,12.74386,11.934749,10.296375,14.103491,14.006792,10.4695635,7.260881,6.054179,6.5892563,5.243419,0.0,4.6355906,6.007044,7.2153087,8.7442255,9.940176,12.047052,13.344239,17.979828,17.373964,20.931736,23.293499,24.002174,20.756306,19.11967,25.76588,25.460243,21.256586,23.380241,26.657726,26.327969,24.587109,28.51197,30.198992,28.199045,28.469864,33.00044,32.758385,37.56057,36.982227
71,40.98376,37.10109,35.736202,31.65997,28.814838,29.595781,24.320356,23.793324,21.153397,20.440794,19.655605,18.22063,17.070353,14.327543,13.928762,13.901126,15.14599,16.03022,19.396143,19.18365,22.872738,23.886656,29.147223,22.690472,19.621063,17.8218,14.13214,11.559683,10.690232,7.4025984,11.958142,9.092407,16.219572,15.511499,12.880227,15.384451,18.831175,16.892174,15.750545,18.429674,21.05292,18.135746,18.682446,23.21857,23.426826,21.908707,23.391098,27.704836,28.23857,27.88482,23.379541,26.8034,27.798454,25.03591,22.960812,19.809326,17.302805,15.122714,18.663307,19.198677,13.029102,14.252026,13.328833,16.762924,15.172806,10.84484,9.519116,6.6883593,6.043517,8.293842,4.6355906,0.0,5.4376893,8.058046,9.802194,12.059465,12.744036,13.529917,18.734213,17.297316,21.023537,23.66789,23.44413,19.740477,18.512175,25.019306,23.692837,19.310287,21.960726,25.056442,24.084799,22.394459,26.6193,27.727272,25.117857,26.040392,30.530306,30.773481,35.427807,35.449825
72,38.114613,34.149048,33.446587,28.922062,26.49757,28.022598,22.328756,23.099922,20.263647,20.718977,20.408995,19.890419,19.271856,17.204165,15.3276,13.665526,14.539405,13.670142,17.82379,15.987136,19.883886,20.518892,26.054264,20.067888,16.488148,15.551422,11.083956,10.104039,9.193355,8.456252,11.65553,11.864289,18.352968,17.560223,13.501097,15.457302,18.799385,16.402258,14.085093,16.882835,19.535412,15.162732,15.60628,20.552065,20.575962,17.735415,19.528027,24.320786,24.315378,24.548948,19.653116,22.2673,23.394293,21.015688,18.241404,14.687031,12.614717,9.945023,13.889443,15.371545,9.241483,10.611166,11.226692,14.943682,13.591358,9.792747,9.897243,8.996791,5.057203,5.540038,6.007044,5.4376893,0.0,5.736395,4.7755637,8.591813,9.174089,8.765527,14.309185,12.287579,15.967662,18.354963,18.501753,15.016961,13.435713,20.061848,19.481537,15.264099,17.585655,20.76069,20.41524,18.960833,22.891409,24.547413,22.865416,23.392899,27.857578,27.788765,32.255226,31.730637
73,39.899845,35.71952,35.37954,31.100357,28.599459,30.815233,25.049366,26.426744,24.327414,24.449091,24.76249,23.800867,23.624813,21.12172,18.678411,18.073448,17.832542,17.147861,19.89487,18.052021,20.993864,20.779026,26.594683,21.223278,17.87704,17.141806,13.939593,12.916436,13.718109,12.245137,17.049395,16.59813,23.33545,22.769762,19.075508,20.927055,24.450167,22.116058,19.728697,22.360285,25.188017,20.42165,20.693632,25.77073,25.78802,22.046833,23.876677,29.125557,28.706615,29.37733,24.192492,25.974867,27.024824,24.941923,21.466305,17.283344,16.507988,12.8521805,16.242188,19.47756,14.091135,13.8273535,14.214943,18.394613,18.345076,14.944396,13.4775,12.719084,10.372761,7.82742,7.2153087,8.058046,5.736395,0.0,5.1028085,4.5683775,5.038103,7.4604635,11.395072,11.83928,15.268285,18.36279,18.701021,15.770097,15.284227,21.917477,21.07549,17.96035,20.770174,23.556313,23.477474,22.921906,26.68459,28.30561,26.93352,28.040894,32.367172,32.447117,36.486942,35.804684
74,37.86253,33.780632,33.803883,29.0644,27.017767,29.371767,23.464314,25.39359,22.758776,23.833527,23.991995,23.826921,23.575668,21.691715,19.076172,16.987463,17.213675,15.217881,19.195011,16.061993,19.573965,19.434336,25.238428,20.10601,16.301926,16.281914,12.017796,12.400748,12.2052965,12.561888,15.306924,16.51309,22.737675,21.813757,17.392235,19.066736,22.17745,19.44253,16.634695,19.378551,21.813854,16.310026,16.792297,21.851524,21.529543,17.28027,19.51265,24.663902,23.874626,24.734524,19.438223,21.032785,21.968063,20.043814,16.386047,12.186695,11.619358,7.7732577,11.377767,14.824663,9.88679,9.849322,11.545704,15.443883,15.218162,12.462599,12.435998,12.737139,8.878065,6.0723543,8.7442255,9.802194,4.7755637,5.1028085,0.0,5.099762,5.9960465,5.111385,10.143611,8.802948,12.249892,14.5895605,15.518572,12.719104,11.187447,17.837954,18.129248,14.753317,16.74768,19.768383,20.229803,19.380417,22.801086,24.955387,24.246687,24.567995,28.853113,28.511406,32.623028,31.49612
75,40.946136,36.732555,37.01644,32.49209,30.392847,33.146927,27.246843,29.397705,27.191416,27.903507,28.300434,27.721706,27.553381,25.270632,22.654522,21.374537,21.110065,19.497225,22.525288,19.591759,22.357397,21.563604,27.487709,22.898043,19.360666,19.401285,16.058386,16.093304,16.714888,16.188704,20.016888,20.238344,26.925337,25.908972,21.904419,23.836575,27.034204,24.166733,21.659246,24.447779,26.817846,21.220423,21.8496,26.896563,26.38535,21.858244,24.247086,29.460863,28.305674,29.299313,23.828524,25.148275,25.669962,23.837002,19.95044,15.610177,16.126926,11.891479,14.230631,18.778847,14.59579,13.0005455,13.929807,18.063295,19.018045,16.497732,14.967018,15.338006,12.82955,8.443635,9.940176,12.059465,8.591813,4.5683775,5.099762,0.0,4.0406137,6.577474,8.795039,10.5428095,13.3703985,16.094202,17.461304,15.379047,14.703819,21.024395,21.279968,18.763086,20.964874,23.68121,24.342617,24.008146,27.278706,29.41832,28.848616,29.466251,33.671528,33.36736,37.259624,35.97403
76,37.693436,33.425056,33.733936,29.421892,27.245687,30.27438,24.438557,26.95577,25.26021,25.932579,26.88391,26.318493,26.739796,24.535376,21.026459,20.019985,18.98,17.38588,19.555012,16.748842,18.988888,17.993,23.89706,19.498264,16.197706,16.29771,13.802398,13.957519,15.545946,15.225694,19.700787,20.632444,26.859226,26.650124,22.408339,23.609053,27.147915,24.98458,21.828949,24.110876,27.180027,21.800571,21.55493,26.674772,26.885277,21.96951,23.584845,29.315763,28.558525,29.936619,24.724382,25.079525,26.56501,25.174587,20.907345,16.296215,16.45075,12.569218,15.983843,20.389091,15.714027,15.48479,16.962416,21.02402,21.17714,18.254126,17.551125,17.302313,14.092803,11.134724,12.047052,12.744036,9.174089,5.038103,5.9960465,4.0406137,0.0,4.3672605,6.485849,8.3057,11.2098255,14.654265,15.03847,12.807796,13.14489,19.289927,18.578705,16.59223,19.423065,21.754332,22.159748,22.431957,25.750462,27.514168,26.921394,28.22815,32.27744,32.372917,35.839626,34.86741
77,34.466187,30.270065,30.775347,26.142176,24.27251,27.406965,21.491104,24.48678,22.543745,23.914364,24.916477,24.956846,25.519442,23.822905,19.940344,17.943748,16.997232,14.422931,17.302153,13.507989,16.16718,15.329739,21.225515,16.901905,13.245391,13.930703,10.8440895,12.170437,13.36977,14.424468,17.633549,19.968971,25.538456,25.447266,20.70081,21.402153,24.751194,22.72151,19.036543,21.073921,24.171263,18.566504,17.96991,23.019476,23.386473,18.036621,19.465252,25.32837,24.577055,26.238203,21.19794,20.932695,22.885918,21.843914,17.361944,12.704142,12.732642,9.205252,13.290614,17.497055,13.068166,13.82903,16.275057,19.951508,19.503925,16.872255,17.486055,17.530895,13.267218,11.173552,13.344239,13.529917,8.765527,7.4604635,5.111385,6.577474,4.3672605,0.0,5.8506007,4.389557,7.8526726,11.064974,11.32287,8.849417,8.781247,15.0231085,14.725426,12.621287,15.14784,17.514664,18.175177,18.45083,21.558725,23.535208,23.383356,24.392754,28.338451,28.314075,31.67511,30.564098
78,35.430676,31.187838,32.47862,28.063528,26.573069,30.496971,24.781034,28.617561,27.208553,28.711367,30.154648,30.206896,31.080017,29.339666,25.06729,23.324907,21.804039,19.036636,20.8551,16.707237,18.059795,16.080322,21.7145,19.023676,15.914671,17.295149,15.501973,17.163788,18.942638,19.958994,23.396467,25.74672,31.34195,31.28441,26.522236,27.11728,30.407337,28.318087,24.525648,26.40824,29.417547,23.4694,22.810255,27.660273,27.914177,21.805536,23.234064,29.173088,27.87804,30.079502,25.041914,23.605122,25.451519,25.021492,20.034452,15.361838,16.821848,13.252113,16.04451,21.42675,18.128168,17.904844,20.45817,24.085327,24.435228,22.25951,22.411003,22.771296,18.869537,15.7633915,17.979828,18.734213,14.309185,11.395072,10.143611,8.795039,6.485849,5.8506007,0.0,5.8043222,6.4785237,9.885667,10.8086605,10.3537,11.5248165,16.127028,16.267895,15.985515,18.200666,19.825262,21.100178,22.26219,24.693226,26.775848,27.385454,28.546686,32.110847,32.043163,34.76207,33.261295
79,31.393122,27.246256,28.330738,23.528702,22.176725,25.840263,20.041193,23.98293,22.220411,24.297071,25.655918,26.256498,27.195492,25.973251,21.536264,18.908747,17.63127,14.087525,16.810444,11.885569,14.110643,12.845719,18.514013,15.203279,11.60311,13.342908,10.781309,13.416263,14.668848,16.868746,19.040049,22.61497,27.38934,27.573606,22.48826,22.513844,25.62702,23.899158,19.661757,21.186049,24.335701,18.56801,17.379156,22.118101,22.758076,16.592735,17.555895,23.650686,22.748121,25.045433,20.351383,18.562561,21.216099,20.966364,16.040064,11.459166,12.0197935,9.344105,13.327213,17.63721,14.182794,15.554548,18.776787,21.97797,21.264528,19.132837,20.658207,20.957266,16.199785,14.596659,17.373964,17.297316,12.287579,11.83928,8.802948,10.5428095,8.3057,4.389557,5.8043222,0.0,3.734059,7.041231,6.983004,5.1989746,5.8061256,11.124447,11.33752,10.36899,12.444735,14.296657,15.546226,16.488443,18.95437,21.115421,21.843426,22.768173,26.326061,26.253113,29.058643,27.691814
80,30.490517,26.41158,28.169464,23.393435,22.559061,26.730692,21.19744,25.824352,24.321175,26.759165,28.363422,29.221268,30.36857,29.338123,24.648998,21.851786,20.344809,16.435774,18.686132,13.29907,14.670224,12.75227,17.925264,16.016096,12.853778,15.26501,13.454356,16.52509,17.86678,20.39716,22.18095,26.167507,30.643969,30.879316,25.68784,25.46041,28.369928,26.700474,22.304941,23.566368,26.56705,20.67326,19.32085,23.682177,24.31344,17.616877,18.398132,24.415705,23.160753,25.956657,21.518578,18.519995,21.366247,21.783672,16.576756,12.291528,13.748001,11.55562,14.6623955,19.341227,16.887585,18.013058,21.529242,24.478455,23.987392,22.28027,23.959679,24.508642,19.717577,17.865341,20.931736,21.023537,15.967662,15.268285,12.249892,13.3703985,11.2098255,7.8526726,6.4785237,3.734059,0.0,4.1528664,4.587663,5.4470925,6.839756,9.821888,10.902945,11.539339,12.901953,14.019602,15.929287,17.509596,19.197313,21.517513,23.056536,23.870268,26.999397,26.820992,29.044949,27.323381
81,30.616608,26.792955,28.995386,23.99256,23.755192,27.913193,22.612087,27.469902,25.657562,28.650648,30.046026,31.339092,32.32924,31.626642,27.164015,23.716305,22.635838,18.197393,21.067007,15.189344,16.719383,14.986336,19.450743,18.225546,15.140356,17.885786,15.674376,19.210024,19.85719,22.974089,23.59037,28.095638,32.199512,32.121136,26.815924,26.528933,28.935104,27.045824,22.691473,23.869299,26.2789,20.17651,19.041822,22.879906,23.122637,16.061272,17.11267,22.652674,20.817543,23.964567,19.78802,15.907068,18.597355,19.622698,14.338646,10.702907,13.062319,11.64421,13.632918,18.247385,17.204405,18.160429,22.082422,24.469357,24.102852,23.125027,25.263466,26.304123,21.41681,19.53267,23.293499,23.66789,18.354963,18.36279,14.5895605,16.094202,14.654265,11.064974,9.885667,7.041231,4.1528664,0.0,4.8999443,7.3453593,7.2414136,7.8943505,11.398157,12.375085,12.191139,13.078977,15.872176,17.283583,18.103668,20.985893,23.368238,23.3354,26.14046,25.47679,27.507292,25.152178
82,26.226048,22.2574,24.352266,19.510765,19.174137,23.606167,18.45644,23.705383,22.508461,25.4378,27.363634,28.685034,30.22195,29.66965,24.581463,21.446377,19.662989,15.315158,17.124851,11.324976,12.080343,10.201341,14.560015,13.647843,10.989937,14.067403,13.080619,16.783459,18.15424,21.4133,22.410692,27.331034,30.835938,31.582628,26.289518,25.28178,28.015532,27.012695,22.216715,22.75547,25.99925,20.650661,18.4606,22.268991,23.571291,16.822718,16.487339,22.579432,21.758572,24.980116,21.316298,17.00956,21.005348,22.070288,17.048962,13.468314,14.278656,13.456826,16.825825,20.46256,18.293581,20.515104,24.305428,26.876646,25.663729,24.036983,26.559103,26.925087,21.78955,20.983591,24.002174,23.44413,18.501753,18.701021,15.518572,17.461304,15.03847,11.32287,10.8086605,6.983004,4.587663,4.8999443,0.0,4.149681,6.5603085,6.409257,7.1229434,9.421249,10.381712,10.470482,12.605943,14.975444,16.01431,18.105043,20.271135,21.291826,23.90802,23.958614,25.500542,23.935516
83,26.316557,22.232292,23.44347,18.513927,17.484705,21.401525,15.819823,20.504646,19.09128,21.746286,23.55657,24.705307,26.181908,25.542433,20.49755,17.445778,15.704049,11.482499,13.738805,8.002251,9.916701,8.915793,14.115503,11.266976,7.8690248,10.546561,8.986778,12.653838,14.080998,17.293762,18.536764,23.354786,26.88333,27.799353,22.575024,21.549837,24.552351,23.736132,18.915178,19.509775,23.14066,18.077232,15.703841,19.942408,21.526773,15.31778,14.844031,21.239431,21.007212,23.734917,19.9052,16.75082,20.815336,21.225847,16.496235,12.639944,12.23386,11.370497,15.763258,18.763577,15.494332,18.378616,21.909481,24.648348,22.966583,20.85359,23.466393,23.456987,18.275032,18.160622,20.756306,19.740477,15.016961,15.770097,12.719104,15.379047,12.807796,8.849417,10.3537,5.1989746,5.4470925,7.3453593,4.149681,0.0,4.2206187,7.4108963,6.13953,6.325614,8.7094145,9.729346,10.848461,12.681328,14.799086,16.58652,17.763535,19.140406,22.270834,22.5783,24.756836,23.747807
84,28.540838,24.677896,25.680819,20.437729,19.543953,22.786167,17.141895,21.17941,18.856766,21.830702,22.931221,24.325918,25.210247,24.718115,20.436947,16.60517,15.950442,11.365248,15.411871,9.672662,12.897298,12.678515,17.559029,14.117783,10.377704,12.522458,9.080411,12.85177,12.899248,16.557425,16.51653,21.524382,25.105108,25.365374,20.028826,19.388094,21.96552,20.560627,15.913985,16.922161,19.902912,14.325045,12.533144,16.872852,17.819334,11.436344,11.851985,18.028267,17.404625,19.930603,15.808053,13.287486,16.893728,17.058237,12.4128065,8.644606,8.07826,7.659781,11.986792,14.592002,11.851841,14.83471,18.630125,20.993776,19.28035,17.658968,20.672697,21.139511,15.867667,15.799305,19.11967,18.512175,13.435713,15.284227,11.187447,14.703819,13.14489,8.781247,11.5248165,5.8061256,6.839756,7.2414136,6.5603085,4.2206187,0.0,6.71791,8.230668,6.1500807,6.8227305,9.167024,10.829194,11.236564,13.390252,15.989018,17.26885,17.411024,20.870325,20.548666,23.463802,21.993242
85,24.640545,21.176466,23.206211,17.886663,18.282068,22.013231,17.311527,22.398449,20.542505,24.350159,25.819075,27.913313,29.215105,29.36112,24.762798,20.567959,19.642443,14.649511,17.754112,11.720711,13.485647,13.0414095,16.07209,15.021437,12.456112,15.49037,13.622987,17.833975,17.915903,22.167406,21.041553,26.955809,29.334183,29.938204,24.611843,23.135748,25.07479,24.280216,19.452383,19.458647,22.105768,17.208902,14.714034,17.510868,18.916964,12.25318,11.214654,16.85516,16.121943,19.69845,16.973528,11.432874,16.425488,18.143538,13.769755,11.705587,11.867679,13.080138,15.945562,17.855677,16.944973,20.0714,24.189823,25.878786,23.978151,23.06365,26.696756,27.348234,22.025604,22.223848,25.76588,25.019306,20.061848,21.917477,17.837954,21.024395,19.289927,15.0231085,16.127028,11.124447,9.821888,7.8943505,6.409257,7.4108963,6.71791,0.0,6.5819683,8.008598,5.924019,5.5518794,9.061312,10.80364,10.588372,13.500906,16.747534,16.460209,18.680492,18.209063,19.725409,17.694904
86,20.42896,16.49299,17.891792,12.760092,12.428392,16.653574,11.777367,17.408785,16.62978,19.95823,22.267855,24.078499,26.142447,26.23762,20.802914,17.491476,15.372164,10.936369,12.050278,6.4022775,6.974307,6.9892263,10.033625,8.539542,6.6886897,10.0119,10.292738,14.246677,15.6076145,19.519678,19.619612,25.457703,27.41133,29.124697,24.012165,21.837803,24.512043,24.824787,19.68066,19.06703,23.043491,19.23225,15.687069,18.807451,21.513268,15.895199,13.518983,19.70176,20.419285,23.497047,20.977169,16.496044,21.906054,23.000967,18.885296,16.157303,14.912796,15.6857815,19.98316,21.582415,18.744062,22.728006,26.367273,28.608065,26.070103,24.077087,27.578503,27.28847,21.976696,23.095602,25.460243,23.692837,19.481537,21.07549,18.129248,21.279968,18.578705,14.725426,16.267895,11.33752,10.902945,11.398157,7.1229434,6.13953,8.230668,6.5819683,0.0,5.3206387,7.0997925,5.799483,6.2586827,9.81314,10.976395,11.847034,13.800058,15.871013,18.123114,19.050734,20.138578,19.775452
87,23.790512,20.017714,20.261932,15.031663,13.8629,16.697136,11.097842,15.314119,13.338163,16.660625,18.275932,20.077934,21.628567,21.701393,16.81404,12.875414,11.634291,6.6699586,10.379624,4.6853175,8.596289,9.943084,13.852882,9.57609,6.299584,8.358226,6.0932784,10.293733,10.6718855,14.98154,14.397472,20.35439,22.409687,23.85886,18.707468,16.716564,19.477133,19.615122,14.488646,14.160796,18.26572,14.4939575,10.957403,14.745778,17.383484,12.38556,10.342226,16.768562,17.82093,20.191757,17.319693,14.56229,19.53547,19.80992,16.16207,13.454271,10.959464,12.094573,16.905367,17.59552,14.035291,18.640789,22.03317,24.168533,21.204958,19.028091,22.804628,22.420977,17.108025,18.975819,21.256586,19.310287,15.264099,17.96035,14.753317,18.763086,16.59223,12.621287,15.985515,10.36899,11.539339,12.375085,9.421249,6.325614,6.1500807,8.008598,5.3206387,0.0,4.666697,6.2073307,5.5987973,6.6762924,9.7170725,11.007286,11.571557,13.075126,16.411879,17.093464,19.64378,19.436098
88,24.417131,21.069519,21.811245,16.33821,16.122936,18.6469,13.762862,17.843119,15.2803955,19.292616,20.33511,22.693193,23.81305,24.304544,20.122227,15.433947,15.185645,10.136235,14.495407,9.12592,12.443753,13.543583,16.604095,13.559071,10.758895,12.91476,10.14602,14.218947,13.409863,18.11709,15.842795,22.248173,23.826849,24.679966,19.464746,17.528645,19.368755,19.128778,14.135099,13.688968,16.750296,12.722145,9.343731,12.246615,14.507016,8.956932,6.5720325,12.933649,13.593681,16.439714,14.075513,10.15847,15.635836,16.52082,13.1759815,11.596332,9.369336,11.83398,15.600228,15.575535,13.742847,18.272598,22.059143,23.497293,20.54329,19.33061,23.657476,23.910435,18.59792,20.282925,23.380241,21.960726,17.585655,20.770174,16.74768,20.964874,19.423065,15.14784,18.200666,12.444735,12.901953,12.191139,10.381712,8.7094145,6.8227305,5.924019,7.0997925,4.666697,0.0,3.6252692,5.3887744,5.1971617,6.568139,9.478024,11.710675,11.172327,14.204651,13.981623,16.66353,15.5681925
89,21.200157,17.968695,19.210072,13.735457,14.205201,17.209946,12.950325,17.835064,16.015032,20.216854,21.760448,24.29448,25.864803,26.558891,21.95562,17.555132,16.702263,11.813937,14.814619,9.574059,11.604803,12.582523,14.506564,12.844901,10.935213,13.547824,12.201715,16.30541,16.10298,20.756815,18.730528,25.277075,26.362017,27.659029,22.559914,20.171026,21.938215,22.234293,17.221298,16.211807,19.388922,15.991863,12.325379,14.342622,17.068476,11.811951,8.604716,14.303626,15.212408,18.471678,16.860914,11.708817,17.70562,19.209152,15.9,14.546284,12.86031,15.175153,18.741491,18.917673,17.367596,21.794415,25.637537,27.070631,24.12204,22.914192,27.23467,27.367414,22.041286,23.69336,26.657726,25.056442,20.76069,23.556313,19.768383,23.68121,21.754332,17.514664,19.825262,14.296657,14.019602,13.078977,10.470482,9.729346,9.167024,5.5518794,5.799483,6.2073307,3.6252692,0.0,3.946387,6.1475306,5.6652155,7.9863424,11.413412,11.530901,13.545183,13.76447,15.155251,14.248984
90,19.544525,16.265673,16.545588,11.103345,10.989893,13.494713,9.13848,13.921651,12.376392,16.576921,18.411976,21.000902,22.917242,23.795828,18.98857,14.842269,13.685841,9.207585,11.628207,7.4379086,9.56466,11.580273,13.064422,10.426736,9.085497,11.105951,10.546983,14.248864,14.268582,18.847551,16.915422,23.539396,23.979336,25.949572,21.095423,18.138401,20.17386,21.30999,16.22962,14.636289,18.592302,16.261086,11.954487,13.910457,17.528585,13.448853,9.532091,15.119811,17.095404,19.77497,18.43875,14.417981,20.366827,21.369583,18.455706,16.931524,14.328009,16.615631,20.822615,20.44758,17.89888,22.930208,26.414602,27.976124,24.497728,22.757803,27.169819,26.762451,21.554918,24.038025,26.327969,24.084799,20.41524,23.477474,20.229803,24.342617,22.159748,18.175177,21.100178,15.546226,15.929287,15.872176,12.605943,10.848461,10.829194,9.061312,6.2586827,5.5987973,5.3887744,3.946387,0.0,4.429517,5.633994,5.8198214,7.988115,9.750866,11.963801,13.219616,14.676445,15.120211
91,23.037075,20.081207,19.740303,14.518617,14.073024,15.187195,10.928487,13.927522,10.994879,15.448079,16.306114,19.180367,20.442545,21.57071,17.68492,12.774676,12.976056,8.578567,12.949764,9.42828,12.875574,15.148403,17.220142,13.476295,11.497197,12.661051,10.411928,13.738736,12.390362,17.254116,13.816237,20.70551,20.754066,22.319326,17.520786,14.567189,16.130991,17.199036,12.244177,10.484324,14.187197,12.337388,7.835341,9.551507,13.368132,10.350953,6.11601,11.54206,14.048354,16.111263,15.006136,12.338356,17.91544,18.423386,16.326283,15.457039,12.009542,15.060069,19.02887,17.436207,15.084188,20.521328,23.81112,24.927753,21.0323,19.567474,24.416748,24.137714,19.108805,22.187609,24.587109,22.394459,18.960833,22.921906,19.380417,24.008146,22.431957,18.45083,22.26219,16.488443,17.509596,17.283583,14.975444,12.681328,11.236564,10.80364,9.81314,6.6762924,5.1971617,6.1475306,4.429517,0.0,4.482048,5.7871785,6.7841454,6.4628243,9.923843,10.565794,13.675972,14.031602
92,21.687618,19.230755,19.612944,14.426043,15.148003,16.448112,13.306746,16.811043,14.355542,19.039875,19.926998,23.091259,24.37397,25.772131,22.000854,17.119757,17.25811,12.9108,16.505865,12.705778,15.19496,17.080257,18.163187,16.008747,14.534888,16.27393,14.554764,18.104065,16.833864,21.717299,17.936584,24.87129,24.517113,25.887892,21.21853,18.258457,19.092192,20.098671,15.487418,13.541389,16.162971,14.5265,10.505779,10.523289,14.079063,10.99663,6.2056136,10.247468,12.660855,15.437788,15.442738,10.995509,17.149776,18.588455,16.777342,16.757528,14.105343,17.544567,20.709393,19.019419,18.061987,23.11754,26.699394,27.418262,23.72554,22.924385,27.926853,28.016506,22.984539,25.6595,28.51197,26.6193,22.891409,26.68459,22.801086,27.278706,25.750462,21.558725,24.693226,18.95437,19.197313,18.103668,16.01431,14.799086,13.390252,10.588372,10.976395,9.7170725,6.568139,5.6652155,5.633994,4.482048,0.0,4.2587247,8.428622,6.5184426,8.095386,8.132851,10.137917,9.873899
93,18.67864,16.469498,16.102976,11.264621,12.027168,12.587628,10.474486,13.767898,12.081025,16.76179,18.11779,21.422277,23.235992,24.927177,20.897284,16.54107,16.202868,12.639953,14.90499,12.483717,14.237808,16.689915,16.722878,14.713711,14.225028,15.53362,15.034686,18.112173,17.3043,21.948,18.46457,25.364676,24.160036,26.374454,22.073221,18.44583,19.458656,21.508741,16.951021,14.298559,17.635101,17.216618,12.753583,12.462534,16.83587,14.756272,9.814358,13.175144,16.393713,18.712091,19.079731,15.210514,21.286047,22.510757,20.81142,20.470367,17.446125,20.630507,24.312689,22.529585,20.768206,26.18174,29.507204,30.401674,26.345432,25.056787,30.042929,29.61913,24.711914,27.959593,30.198992,27.727272,24.547413,28.30561,24.955387,29.41832,27.514168,23.535208,26.775848,21.115421,21.517513,20.985893,18.105043,16.58652,15.989018,13.500906,11.847034,11.007286,9.478024,7.9863424,5.8198214,5.7871785,4.2587247,0.0,5.396871,6.0134335,6.50022,8.602337,9.35932,11.169225
94,20.354818,18.04157,16.14249,11.975591,11.205643,9.986418,7.8347497,8.98261,6.885135,11.559743,12.88979,16.269955,18.288122,20.198635,16.380533,12.429148,12.283995,10.083495,12.04224,11.703256,13.9160185,17.096188,17.494127,13.81191,13.542043,13.602696,13.342913,15.344708,14.435511,18.612593,15.159726,21.745668,19.776236,22.730375,18.916813,14.775609,16.170546,19.177181,14.868776,11.741983,16.015007,16.819952,12.201074,12.277496,17.165018,16.364056,11.806028,15.116189,18.946148,20.30275,20.370054,18.353584,23.884117,24.232395,22.806479,22.065443,18.233202,21.122087,25.372131,23.154074,20.190155,26.000954,28.749456,29.81097,25.290232,23.36208,28.236395,27.194958,22.686476,26.801855,28.199045,25.117857,22.865416,26.93352,24.246687,28.848616,26.921394,23.383356,27.385454,21.843426,23.056536,23.368238,20.271135,17.763535,17.26885,16.747534,13.800058,11.571557,11.710675,11.413412,7.988115,6.7841454,8.428622,5.396871,0.0,5.9184837,7.832906,10.787344,12.750886,15.497726
95,24.153114,22.150085,21.035217,16.580526,16.564798,15.696786,13.486485,14.414978,11.111541,15.7107525,15.634988,19.245779,20.140255,22.21893,19.585825,14.672676,15.950783,12.990945,16.886469,15.090497,18.12725,20.839705,21.8442,18.3959,17.169424,17.674433,15.70398,18.103489,15.915433,20.48439,15.301572,22.115465,20.08011,21.82965,17.962578,14.307251,14.33179,16.637205,12.776433,9.629814,12.214497,13.445783,9.328646,7.404886,12.276674,12.664041,8.051432,9.493468,13.788016,14.851472,15.92654,14.317053,19.454119,19.917234,19.476742,19.90703,16.112425,19.859705,23.13388,19.854523,18.393337,24.047068,26.922262,27.210169,22.648825,21.734491,27.095526,26.75053,22.338484,26.29784,28.469864,26.040392,23.392899,28.040894,24.567995,29.466251,28.22815,24.392754,28.546686,22.768173,23.870268,23.3354,21.291826,19.140406,17.411024,16.460209,15.871013,13.075126,11.172327,11.530901,9.750866,6.4628243,6.5184426,6.0134335,5.9184837,0.0,4.54248,5.6094017,9.740985,11.5167465
96,22.45062,21.20747,20.194551,16.317331,17.147581,15.880211,15.200252,16.256685,13.882422,18.393248,18.581432,22.359154,23.515854,25.898045,23.235432,18.677814,19.580109,16.814102,19.726873,18.166739,20.390057,23.056234,22.983307,20.662987,20.09042,20.831469,19.623896,22.116642,20.263739,24.770136,19.682991,26.40064,23.724625,25.696657,22.190147,18.375223,17.956463,20.594267,17.121643,13.843466,15.732022,17.484991,13.648367,10.8694515,15.360195,16.001734,11.258568,11.170794,15.555057,16.847528,18.996809,16.418604,21.734205,22.793087,22.60652,23.4296,20.03434,23.889534,26.888449,23.58857,22.725985,28.244024,31.23011,31.319677,26.802582,26.148321,31.562881,31.258797,26.878838,30.75944,33.00044,30.530306,27.857578,32.367172,28.853113,33.671528,32.27744,28.338451,32.110847,26.326061,26.999397,26.14046,23.90802,22.270834,20.870325,18.680492,18.123114,16.411879,14.204651,13.545183,11.963801,9.923843,8.095386,6.50022,7.832906,4.54248,0.0,4.002808,5.789001,9.140715
97,25.401241,24.064035,23.608414,19.37805,20.310312,19.582754,18.199846,19.505272,16.544004,21.08907,20.802317,24.520687,25.139265,27.389866,25.134378,20.139177,21.533981,18.289463,22.1284,19.731554,22.412138,24.76541,25.260267,22.89553,21.73507,22.72887,20.673481,23.412064,21.071709,25.72367,20.105577,26.781864,24.529665,25.667683,22.0501,18.80342,17.84752,19.635378,16.486599,13.691757,14.345339,15.761287,12.643655,9.0545225,12.728656,13.777817,9.563969,7.7240596,12.070534,13.339748,16.141535,13.646132,18.521652,19.764853,20.13918,21.667837,18.574003,22.734732,25.01682,21.3229,21.514502,26.673082,29.75324,29.426281,25.127213,25.12582,30.640686,30.81715,26.492548,30.023626,32.758385,30.773481,27.788765,32.447117,28.511406,33.36736,32.372917,28.314075,32.043163,26.253113,26.820992,25.47679,23.958614,22.5783,20.548666,18.209063,19.050734,17.093464,13.981623,13.76447,13.219616,10.565794,8.132851,8.602337,10.787344,5.6094017,4.002808,0.0,5.831585,6.9275575
98,21.844965,21.329563,21.348799,17.810806,19.728077,19.15749,19.090277,21.12068,19.306395,23.855644,24.308365,28.07045,29.30338,31.64516,28.750721,24.152937,24.730658,21.478487,24.054586,21.777466,23.355507,25.527353,24.728542,23.877392,23.515663,24.876856,23.91548,26.898943,25.281023,29.969965,25.018206,31.828066,29.398392,31.05839,27.43186,23.880686,23.230276,25.351875,21.949959,19.016624,20.137691,21.242926,17.826153,14.793141,18.352392,18.365839,13.904984,12.756655,16.24566,18.22451,21.124205,17.037779,22.364565,24.332361,24.22405,25.57322,22.999575,26.952547,29.329344,26.33095,26.538668,31.621902,34.95436,34.825123,30.704828,30.56438,35.995777,36.075077,31.516071,34.821423,37.56057,35.427807,32.255226,36.486942,32.623028,37.259624,35.839626,31.67511,34.76207,29.058643,29.044949,27.507292,25.500542,24.756836,23.463802,19.725409,20.138578,19.64378,16.66353,15.155251,14.676445,13.675972,10.137917,9.35932,12.750886,9.740985,5.789001,5.831585,0.0,5.1804132
99,24.451578,23.561913,24.474928,20.33878,22.332596,22.75466,21.610928,24.368189,22.07033,26.789412,27.087017,30.72221,31.620975,33.64069,30.743847,25.736261,26.479538,22.53387,25.88724,22.475441,24.356482,25.998297,25.855206,25.181854,24.197649,26.016268,24.34764,27.7598,25.948925,30.817137,25.81921,32.63306,31.112064,31.993328,27.992695,25.080421,24.354279,25.404657,22.012663,19.780933,20.169376,20.044327,17.31356,14.466819,16.845566,16.023905,12.379762,10.651599,12.821748,15.48354,18.43688,13.438093,18.46471,21.014854,20.974955,22.860735,21.045156,25.052029,26.640205,23.886957,25.180706,29.65226,33.240612,32.89386,29.318485,29.750713,35.088795,35.712368,31.052782,33.63368,36.982227,35.449825,31.730637,35.804684,31.49612,35.97403,34.86741,30.564098,33.261295,27.691814,27.323381,25.152178,23.935516,23.747807,21.993242,17.694904,19.775452,19.436098,15.5681925,14.248984,15.120211,14.031602,9.873899,11.169225,15.497726,11.5167465,9.140715,6.9275575,5.1804132,0.0
